filename,xmin,ymin,xmax,ymax,class
chip_r20.tif,324,319,372,375,bottle
chip_r26.tif,106,176,178,262,can
chip_r26.tif,174,152,230,207,can
chip_r26.tif,176,100,235,157,can
chip_r26.tif,212,161,248,222,bottle
chip_r28.tif,275,395,316,461,bottle
chip_r28.tif,170,577,217,628,bottle
chip_r28.tif,151,482,191,540,bottle
chip_r28.tif,136,475,161,544,bottle
chip_r28.tif,105,515,162,560,bottle
chip_r28.tif,96,544,147,579,bottle
chip_r30.tif,157,368,283,465,container
chip_r30.tif,76,349,173,438,container
chip_r30.tif,121,346,175,394,bottle
chip_r31.tif,333,368,458,465,container
chip_r31.tif,443,348,540,438,container
chip_r31.tif,441,345,495,394,bottle
chip_r33.tif,115,424,148,491,bottle
chip_r33.tif,165,402,230,439,bottle
chip_r33.tif,179,429,235,466,bottle
chip_r33.tif,549,474,604,524,bottle
chip_r36.tif,527,542,573,612,bottle
chip_r36.tif,518,100,567,169,bottle
chip_r36.tif,305,372,360,419,bottle
chip_r36.tif,296,155,349,205,bottle
chip_r36.tif,356,583,392,640,bottle
chip_r36.tif,167,221,219,287,bottle
chip_r36.tif,481,471,556,555,can
chip_r36.tif,560,475,626,562,can
chip_r36.tif,537,430,606,489,container
chip_r37.tif,492,392,524,460,bottle
chip_r37.tif,410,370,474,407,bottle
chip_r37.tif,405,397,460,434,bottle
chip_r37.tif,36,442,91,492,bottle
chip_r53.tif,499,542,603,637,bottle
chip_r53.tif,125,335,259,406,bottle
chip_r56.tif,253,14,380,72,bottle
chip_r56.tif,225,21,307,138,bottle
chip_r56.tif,180,47,247,183,bottle
chip_r57.tif,466,3,571,98,bottle
chip_r57.tif,93,234,227,305,bottle
chip_r63.tif,486,113,640,332,bottle
chip_r63.tif,164,371,303,616,bottle
chip_r63.tif,416,477,640,640,bottle
chip_r63.tif,415,532,552,640,bottle
chip_r65.tif,588,0,640,51,bottle
chip_r65.tif,322,0,402,174,bottle
chip_r65.tif,214,158,421,263,bottle
chip_r65.tif,368,49,483,281,bottle
chip_r65.tif,416,181,640,354,bottle
chip_r65.tif,489,0,619,174,bottle
chip_r65.tif,210,0,336,121,bottle
chip_r65.tif,159,82,295,191,bottle
chip_r65.tif,294,446,449,532,bottle
chip_r65.tif,199,425,351,563,bottle
chip_r65.tif,44,231,212,510,container
chip_r65.tif,159,210,404,468,can
chip_r65.tif,439,281,640,628,can
chip_r65.tif,384,572,640,640,can
chip_r65.tif,233,547,307,640,bottle
chip_r67.tif,412,114,640,332,bottle
chip_r67.tif,0,104,159,318,bottle
chip_r67.tif,15,296,342,448,bottle
chip_r67.tif,533,330,640,585,bottle
chip_r67.tif,588,478,640,640,bottle
chip_r67.tif,234,500,436,640,bottle
chip_r67.tif,11,521,358,640,can
chip_r70.tif,453,345,640,560,bottle
chip_r70.tif,276,0,571,167,can
chip_r71.tif,322,0,536,186,bottle
chip_r71.tif,0,69,143,362,can
chip_r73.tif,379,426,598,640,can
chip_r73.tif,283,487,442,640,can
chip_r73.tif,240,534,335,632,bottle
chip_r73.tif,263,357,358,569,bottle
chip_r73.tif,212,427,295,592,bottle
chip_r77.tif,42,458,261,640,can
chip_r77.tif,198,520,357,640,can
chip_r77.tif,305,566,400,640,bottle
chip_r77.tif,281,389,377,601,bottle
chip_r77.tif,344,458,428,624,bottle
chip_r81.tif,0,471,82,626,bottle
chip_r81.tif,373,452,639,581,bottle
chip_r81.tif,235,351,502,519,bottle
chip_r81.tif,166,218,428,343,bottle
chip_r81.tif,0,409,231,517,bottle
chip_r81.tif,0,461,94,624,bottle
chip_r81.tif,0,536,188,640,bottle
chip_r81.tif,0,222,50,388,bottle
chip_r81.tif,0,282,245,433,bottle
chip_r81.tif,62,232,266,398,bottle
chip_r81.tif,264,524,554,640,bottle
chip_r81.tif,160,531,292,640,bottle
chip_r82.tif,368,53,583,394,bottle
chip_r82.tif,189,241,514,533,bottle
chip_r82.tif,197,387,388,640,bottle
chip_r82.tif,1,438,264,640,bottle
chip_r82.tif,452,573,640,640,bottle
chip_r82.tif,348,552,479,640,bottle
chip_r82.tif,1,233,57,444,bottle
chip_r82.tif,567,358,640,589,bottle
chip_r85.tif,235,228,569,495,can
chip_r85.tif,182,82,504,283,container
chip_r85.tif,0,216,102,284,container
chip_r85.tif,64,517,276,640,container
chip_r85.tif,144,243,309,457,bottle
chip_r85.tif,185,367,321,578,bottle
chip_r85.tif,468,471,640,626,bottle
chip_r85.tif,490,277,628,528,bottle
chip_r85.tif,478,461,640,624,bottle
chip_r85.tif,551,536,640,640,bottle
chip_r85.tif,414,583,616,640,bottle
chip_r85.tif,45,578,518,640,can
chip_r85.tif,0,304,188,393,bottle
chip_r85.tif,0,380,197,472,bottle
chip_r85.tif,0,336,51,455,bottle
chip_r85.tif,80,259,287,357,bottle
chip_r85.tif,28,247,216,334,bottle
chip_r85.tif,571,221,640,388,bottle
chip_r85.tif,0,500,171,640,can
chip_r87.tif,0,363,120,576,container
chip_r87.tif,385,145,570,555,bottle
chip_r87.tif,402,446,640,640,bottle
chip_r87.tif,0,24,164,225,bottle
chip_r87.tif,103,48,346,264,bottle
chip_r87.tif,0,121,336,595,can
chip_r87.tif,27,0,257,100,bottle
chip_r87.tif,0,468,105,640,can
chip_r89.tif,0,3,62,347,container
chip_r89.tif,0,18,214,394,can
chip_r89.tif,0,0,148,82,can
chip_r89.tif,125,0,261,163,can
chip_r89.tif,215,32,320,122,bottle
chip_r89.tif,205,149,356,272,bottle
chip_r89.tif,311,256,406,434,bottle
chip_r89.tif,229,182,369,354,bottle
chip_r89.tif,16,363,302,608,can
chip_r89.tif,185,308,369,620,can
chip_r89.tif,0,482,140,640,can
chip_r90.tif,0,293,191,637,container
chip_r90.tif,426,0,640,136,bottle
chip_r90.tif,25,0,365,320,can
chip_r90.tif,0,558,86,640,can
chip_r90.tif,0,0,128,158,can
chip_r91.tif,472,293,640,637,container
chip_r91.tif,0,0,237,137,bottle
chip_r91.tif,299,0,638,320,can
chip_r91.tif,577,558,639,640,can
chip_r91.tif,535,0,640,158,can
chip_r93.tif,273,508,429,601,bottle
chip_r93.tif,346,343,447,539,bottle
chip_r93.tif,490,422,640,640,can
chip_r93.tif,378,472,514,640,can
chip_r93.tif,307,568,431,640,bottle
chip_r99.tif,577,0,640,185,can
chip_r101.tif,532,469,640,597,bottle
chip_r101.tif,97,331,373,474,bottle
chip_r101.tif,83,510,423,635,bottle
chip_r101.tif,334,507,467,640,bottle
chip_r101.tif,427,532,639,640,bottle
chip_r101.tif,0,461,211,567,bottle
chip_r101.tif,385,405,640,498,bottle
chip_r101.tif,586,211,640,358,bottle
chip_r101.tif,193,222,440,325,bottle
chip_r101.tif,381,287,618,415,bottle
chip_r101.tif,428,204,522,305,bottle
chip_r102.tif,355,236,556,548,bottle
chip_r102.tif,300,534,640,640,bottle
chip_r102.tif,174,79,487,364,bottle
chip_r102.tif,179,0,361,250,bottle
chip_r102.tif,335,0,468,69,bottle
chip_r102.tif,371,79,589,346,bottle
chip_r102.tif,565,60,640,255,bottle
chip_r102.tif,1,0,250,186,bottle
chip_r103.tif,83,212,284,524,bottle
chip_r103.tif,0,510,339,640,bottle
chip_r103.tif,152,55,465,340,bottle
chip_r103.tif,278,0,460,226,bottle
chip_r103.tif,50,54,268,322,bottle
chip_r103.tif,0,36,75,231,bottle
chip_r103.tif,389,0,639,162,bottle
chip_r105.tif,427,0,633,124,bottle
chip_r105.tif,485,43,640,171,bottle
chip_r105.tif,512,117,626,363,bottle
chip_r105.tif,204,84,307,300,bottle
chip_r105.tif,179,208,312,377,bottle
chip_r105.tif,565,0,640,108,bottle
chip_r105.tif,318,54,533,212,bottle
chip_r105.tif,415,159,501,247,bottle
chip_r105.tif,58,325,215,384,bottle
chip_r105.tif,0,189,182,273,bottle
chip_r105.tif,214,380,523,557,container
chip_r105.tif,0,378,112,443,container
chip_r105.tif,579,281,640,429,bottle
chip_r105.tif,8,263,172,343,bottle
chip_r105.tif,136,0,514,82,can
chip_r105.tif,0,0,166,175,can
chip_r105.tif,282,143,561,414,can
chip_r109.tif,315,205,478,288,bottle
chip_r109.tif,282,244,431,288,bottle
chip_r109.tif,0,234,75,384,bottle
chip_r109.tif,41,308,120,381,bottle
chip_r109.tif,185,293,308,411,bottle
chip_r109.tif,119,336,213,412,bottle
chip_r109.tif,233,279,377,340,bottle
chip_r109.tif,498,465,640,640,can
chip_r109.tif,384,311,627,616,can
chip_r109.tif,60,397,396,619,can
chip_r109.tif,0,468,106,640,can
chip_r109.tif,0,359,170,533,can
chip_r109.tif,343,262,638,440,can
chip_r109.tif,0,572,464,640,container
chip_r110.tif,0,425,83,640,bottle
chip_r110.tif,0,0,279,323,can
chip_r110.tif,0,0,142,106,can
chip_r110.tif,533,0,639,69,can
chip_r110.tif,175,0,639,144,container
chip_r111.tif,400,0,625,83,bottle
chip_r111.tif,0,0,299,279,can
chip_r111.tif,0,0,82,142,can
chip_r111.tif,0,175,120,640,container
chip_r113.tif,371,213,599,303,bottle
chip_r113.tif,539,212,620,373,bottle
chip_r113.tif,450,295,560,368,bottle
chip_r113.tif,452,0,640,171,can
chip_r113.tif,517,107,640,280,can
chip_r114.tif,0,570,186,640,can
chip_r117.tif,9,213,237,303,bottle
chip_r117.tif,0,212,69,373,bottle
chip_r117.tif,48,295,158,368,bottle
chip_r117.tif,0,0,154,171,can
chip_r117.tif,0,107,91,280,can
chip_r121.tif,289,533,558,626,bottle
chip_r121.tif,142,584,379,640,bottle
chip_r121.tif,46,577,172,640,bottle
chip_r121.tif,0,348,181,479,bottle
chip_r121.tif,140,421,393,542,bottle
chip_r121.tif,121,265,332,383,bottle
chip_r121.tif,40,228,158,374,bottle
chip_r122.tif,103,344,371,584,bottle
chip_r122.tif,230,23,489,265,bottle
chip_r122.tif,80,0,354,93,bottle
chip_r122.tif,0,0,131,132,bottle
chip_r122.tif,404,217,592,470,bottle
chip_r122.tif,483,346,592,619,bottle
chip_r122.tif,555,341,640,621,bottle
chip_r122.tif,504,46,640,172,bottle
chip_r122.tif,531,0,640,74,bottle
chip_r123.tif,128,343,395,584,bottle
chip_r123.tif,254,23,513,265,bottle
chip_r123.tif,104,0,378,93,bottle
chip_r123.tif,0,0,154,132,bottle
chip_r123.tif,427,217,616,470,bottle
chip_r123.tif,506,346,616,619,bottle
chip_r123.tif,578,341,640,620,bottle
chip_r123.tif,528,45,640,171,bottle
chip_r123.tif,555,0,639,73,bottle
chip_r125.tif,430,531,640,640,bottle
chip_r125.tif,452,339,561,573,bottle
chip_r125.tif,515,227,624,383,bottle
chip_r125.tif,195,386,273,581,bottle
chip_r125.tif,274,446,440,586,bottle
chip_r125.tif,0,462,194,549,bottle
chip_r125.tif,162,304,287,449,bottle
chip_r125.tif,189,212,398,298,bottle
chip_r125.tif,54,257,221,332,bottle
chip_r125.tif,23,290,163,397,bottle
chip_r125.tif,0,512,156,640,can
chip_r125.tif,253,266,496,516,can
chip_r125.tif,202,80,484,307,container
chip_r125.tif,0,167,112,244,container
chip_r126.tif,0,533,131,640,bottle
chip_r126.tif,85,122,197,424,bottle
chip_r126.tif,0,0,194,235,bottle
chip_r126.tif,269,323,483,508,bottle
chip_r126.tif,340,515,545,586,bottle
chip_r126.tif,531,479,640,640,bottle
chip_r126.tif,443,362,640,531,bottle
chip_r126.tif,319,121,640,438,can
chip_r126.tif,509,0,640,156,can
chip_r131.tif,333,409,628,640,can
chip_r131.tif,534,523,640,640,can
chip_r131.tif,495,92,640,484,container
chip_r133.tif,306,467,398,640,bottle
chip_r133.tif,237,529,323,640,bottle
chip_r133.tif,491,562,640,640,can
chip_r134.tif,576,561,640,639,can
chip_r137.tif,241,0,333,141,bottle
chip_r137.tif,316,0,403,79,bottle
chip_r141.tif,452,0,640,80,bottle
chip_r141.tif,432,0,538,173,bottle
chip_r141.tif,230,0,465,178,bottle
chip_r141.tif,81,65,372,180,bottle
chip_r141.tif,72,146,345,266,bottle
chip_r141.tif,121,227,394,338,bottle
chip_r141.tif,308,174,580,287,bottle
chip_r141.tif,506,86,640,294,bottle
chip_r141.tif,528,303,640,396,bottle
chip_r141.tif,323,477,550,614,bottle
chip_r141.tif,293,327,529,449,bottle
chip_r141.tif,283,335,487,508,bottle
chip_r141.tif,584,0,640,87,bottle
chip_r141.tif,509,472,636,638,bottle
chip_r141.tif,497,456,640,573,bottle
chip_r141.tif,512,373,640,528,bottle
chip_r142.tif,63,548,358,640,bottle
chip_r142.tif,350,121,603,365,bottle
chip_r142.tif,470,452,640,640,bottle
chip_r142.tif,547,433,640,538,bottle
chip_r142.tif,488,584,639,640,bottle
chip_r143.tif,0,257,91,552,bottle
chip_r143.tif,274,13,519,266,bottle
chip_r143.tif,0,0,187,145,bottle
chip_r143.tif,101,0,206,69,bottle
chip_r143.tif,0,0,56,127,bottle
chip_r144.tif,0,181,149,465,container
chip_r144.tif,0,566,58,640,container
chip_r145.tif,429,380,640,530,bottle
chip_r145.tif,318,392,479,628,bottle
chip_r145.tif,491,243,640,336,bottle
chip_r145.tif,414,118,519,340,bottle
chip_r145.tif,485,5,591,165,bottle
chip_r145.tif,400,313,615,428,bottle
chip_r145.tif,442,469,544,640,bottle
chip_r145.tif,538,552,640,640,bottle
chip_r145.tif,556,112,640,266,bottle
chip_r145.tif,0,27,186,102,bottle
chip_r145.tif,161,173,240,367,bottle
chip_r145.tif,139,343,331,426,bottle
chip_r145.tif,252,270,447,428,bottle
chip_r145.tif,174,0,458,111,container
chip_r145.tif,220,47,470,291,can
chip_r145.tif,86,411,389,640,can
chip_r145.tif,0,304,117,567,can
chip_r145.tif,15,161,138,265,bottle
chip_r146.tif,471,63,640,359,bottle
chip_r146.tif,67,317,351,438,bottle
chip_r146.tif,0,232,179,431,bottle
chip_r146.tif,531,332,640,583,bottle
chip_r146.tif,442,571,544,640,bottle
chip_r146.tif,283,498,445,640,bottle
chip_r146.tif,538,488,640,640,bottle
chip_r146.tif,86,547,389,640,can
chip_r147.tif,87,472,383,640,bottle
chip_r147.tif,341,68,462,351,bottle
chip_r147.tif,256,0,455,179,bottle
chip_r147.tif,357,530,607,640,bottle
chip_r147.tif,523,283,640,444,bottle
chip_r147.tif,513,537,640,640,bottle
chip_r147.tif,570,86,640,388,can
chip_r149.tif,488,73,640,335,can
chip_r149.tif,369,0,640,178,can
chip_r149.tif,49,57,422,270,container
chip_r149.tif,391,234,596,526,can
chip_r149.tif,332,386,605,585,can
chip_r149.tif,101,236,391,421,can
chip_r149.tif,0,327,187,485,can
chip_r149.tif,0,163,152,371,can
chip_r149.tif,17,493,84,640,bottle
chip_r149.tif,50,463,134,578,bottle
chip_r149.tif,141,431,264,538,bottle
chip_r149.tif,212,456,315,575,bottle
chip_r149.tif,192,398,348,461,bottle
chip_r149.tif,278,585,470,640,bottle
chip_r149.tif,306,554,468,640,bottle
chip_r149.tif,455,544,640,624,bottle
chip_r150.tif,0,209,107,407,bottle
chip_r150.tif,0,0,270,104,can
chip_r151.tif,185,0,383,107,bottle
chip_r151.tif,0,0,80,269,can
chip_r153.tif,155,573,312,640,can
chip_r153.tif,269,531,477,640,can
chip_r153.tif,83,431,177,627,bottle
chip_r157.tif,268,563,476,640,can
chip_r157.tif,83,462,176,640,bottle
chip_r165.tif,12,0,100,66,bottle
chip_r166.tif,194,485,369,640,can
chip_r167.tif,193,509,369,640,can
chip_r185.tif,252,4,464,169,can
chip_r185.tif,581,125,640,230,bottle
chip_r189.tif,408,556,513,640,bottle
chip_r189.tif,307,246,433,458,container
chip_r206.tif,207,7,448,224,can
chip_r207.tif,0,191,200,432,can
chip_r209.tif,0,525,105,640,bottle
chip_r209.tif,216,390,436,548,container
chip_r226.tif,27,202,232,421,can
chip_r229.tif,544,0,640,93,bottle
chip_r229.tif,204,76,435,249,container
chip_r246.tif,66,0,242,125,bottle
chip_r250.tif,65,0,242,68,bottle
chip_r250.tif,346,235,583,565,bottle
chip_r251.tif,89,0,266,68,bottle
chip_r251.tif,369,236,607,565,bottle
chip_r264.tif,319,301,376,390,bottle
chip_r264.tif,281,214,349,294,bottle
chip_r264.tif,233,242,292,313,bottle
chip_r265.tif,389,57,435,157,bottle
chip_r268.tif,12,508,103,556,bottle
chip_r268.tif,0,537,79,596,bottle
chip_r274.tif,198,250,276,327,bottle
chip_r274.tif,8,142,115,280,can
chip_r274.tif,0,250,88,355,container
chip_r274.tif,558,0,598,89,bottle
chip_r275.tif,388,313,466,389,bottle
chip_r275.tif,548,359,640,497,can
chip_r275.tif,576,284,640,389,container
chip_r275.tif,65,551,106,640,bottle
chip_r277.tif,223,357,290,444,bottle
chip_r277.tif,310,35,369,137,bottle
chip_r277.tif,540,188,640,306,can
chip_r278.tif,364,283,442,359,bottle
chip_r278.tif,525,175,632,313,can
chip_r278.tif,552,283,640,388,container
chip_r278.tif,42,13,82,120,bottle
chip_r279.tif,174,283,252,359,bottle
chip_r279.tif,0,174,91,312,can
chip_r279.tif,0,282,64,387,container
chip_r279.tif,534,14,574,121,bottle
chip_r282.tif,377,0,640,238,can
chip_r283.tif,0,0,287,238,can
chip_r289.tif,0,240,169,579,container
chip_r290.tif,539,84,640,270,bottle
chip_r291.tif,59,0,245,101,bottle
chip_r304.tif,548,75,614,212,bottle
chip_r304.tif,549,184,606,286,bottle
chip_r304.tif,510,101,580,189,bottle
chip_r304.tif,493,260,612,324,can
chip_r304.tif,516,322,616,410,can
chip_r304.tif,469,370,574,464,can
chip_r304.tif,440,325,549,430,can
chip_r304.tif,411,163,443,238,bottle
chip_r304.tif,446,97,470,165,bottle
chip_r304.tif,428,246,468,294,bottle
chip_r304.tif,436,165,507,234,can
chip_r313.tif,393,514,640,640,container
chip_r314.tif,493,394,640,640,container
chip_r315.tif,0,0,246,122,container
chip_r317.tif,0,514,214,640,container
chip_r319.tif,518,0,640,214,container
chip_r324.tif,94,450,124,491,bottle
chip_r324.tif,44,207,73,279,bottle
chip_r324.tif,22,144,60,211,bottle
chip_r324.tif,34,104,64,173,bottle
chip_r324.tif,69,113,103,144,bottle
chip_r324.tif,30,255,118,333,can
chip_r324.tif,132,332,178,407,can
chip_r324.tif,92,370,152,451,can
chip_r324.tif,133,160,185,249,can
chip_r324.tif,102,234,155,331,can
chip_r324.tif,27,319,114,411,can
chip_r324.tif,169,125,197,165,bottle
chip_r324.tif,155,100,175,150,bottle
chip_r324.tif,130,122,163,168,bottle
chip_r324.tif,185,170,211,230,bottle
chip_r324.tif,156,248,190,280,bottle
chip_r324.tif,102,154,133,204,bottle
chip_r324.tif,88,112,118,167,bottle
chip_r324.tif,63,168,88,236,bottle
chip_r329.tif,0,0,112,152,container
chip_r329.tif,270,308,356,445,bottle
chip_r329.tif,421,533,538,640,can
chip_r331.tif,518,0,640,152,container
chip_r333.tif,0,0,252,112,container
chip_r334.tif,387,493,640,640,container
chip_r335.tif,0,0,253,122,container
chip_r337.tif,0,419,112,640,container
chip_r338.tif,493,419,640,640,container
chip_r344.tif,163,540,223,571,bottle
chip_r344.tif,276,568,300,595,bottle
chip_r344.tif,119,567,161,593,bottle
chip_r349.tif,45,322,119,454,bottle
chip_r349.tif,221,529,343,640,can
chip_r350.tif,0,219,175,489,container
chip_r351.tif,465,243,640,514,container
chip_r354.tif,149,431,420,640,container
chip_r355.tif,432,243,640,514,container
chip_r358.tif,463,219,640,490,container
chip_r374.tif,294,0,640,546,container
chip_r375.tif,0,0,369,546,container
chip_r385.tif,521,353,573,472,bottle
chip_r385.tif,540,426,582,524,bottle
chip_r385.tif,539,277,599,380,bottle
chip_r385.tif,583,348,627,438,bottle
chip_r385.tif,535,212,640,322,can
chip_r385.tif,530,111,640,232,can
chip_r389.tif,430,389,640,595,can
chip_r390.tif,179,10,332,254,bottle
chip_r391.tif,9,155,254,308,bottle
chip_r410.tif,0,303,293,597,can
chip_r411.tif,347,19,640,312,can
chip_r421.tif,283,158,348,258,container
chip_r421.tif,65,98,304,290,can
chip_r421.tif,59,0,320,110,can
chip_r421.tif,305,125,472,321,can
chip_r421.tif,399,0,548,188,can
chip_r421.tif,367,0,475,145,can
chip_r421.tif,301,0,459,54,can
chip_r421.tif,511,13,574,79,bottle
chip_r425.tif,555,295,640,525,bottle
chip_r425.tif,489,399,631,596,bottle
chip_r425.tif,521,197,604,411,bottle
chip_r425.tif,471,446,582,640,bottle
chip_r425.tif,375,397,509,533,bottle
chip_r425.tif,308,306,428,386,bottle
chip_r425.tif,323,194,428,292,bottle
chip_r425.tif,370,345,461,484,bottle
chip_r425.tif,152,396,239,536,bottle
chip_r425.tif,164,255,233,413,bottle
chip_r425.tif,188,202,282,283,bottle
chip_r425.tif,269,195,337,342,bottle
chip_r425.tif,106,208,191,284,bottle
chip_r425.tif,51,266,122,322,bottle
chip_r425.tif,85,153,142,280,bottle
chip_r425.tif,54,143,100,271,bottle
chip_r425.tif,4,194,69,289,bottle
chip_r425.tif,11,332,57,428,bottle
chip_r425.tif,190,266,283,396,bottle
chip_r425.tif,213,371,288,502,bottle
chip_r425.tif,479,280,551,459,bottle
chip_r425.tif,320,578,581,640,can
chip_r425.tif,181,487,339,640,can
chip_r425.tif,62,284,198,472,can
chip_r425.tif,61,502,99,625,bottle
chip_r425.tif,10,507,62,541,bottle
chip_r425.tif,97,548,174,625,bottle
chip_r425.tif,7,431,63,503,bottle
chip_r425.tif,17,566,98,640,bottle
chip_r480.tif,578,187,638,237,bottle
chip_r490.tif,144,584,206,629,bottle
chip_r491.tif,410,11,472,56,bottle
chip_r494.tif,185,313,259,364,bottle
chip_r494.tif,242,280,308,325,bottle
chip_r494.tif,332,189,377,258,bottle
chip_r494.tif,309,264,359,328,bottle
chip_r494.tif,358,228,403,301,bottle
chip_r494.tif,17,544,79,599,bottle
chip_r494.tif,391,0,439,61,bottle
chip_r494.tif,415,44,461,108,bottle
chip_r494.tif,437,44,480,116,bottle
chip_r495.tif,185,337,259,388,bottle
chip_r495.tif,242,304,308,349,bottle
chip_r495.tif,332,213,377,282,bottle
chip_r495.tif,309,288,359,352,bottle
chip_r495.tif,358,252,403,325,bottle
chip_r495.tif,18,568,80,623,bottle
chip_r495.tif,391,23,439,85,bottle
chip_r495.tif,415,68,461,132,bottle
chip_r495.tif,437,68,480,140,bottle
chip_r497.tif,418,322,495,376,bottle
chip_r497.tif,468,528,538,562,bottle
chip_r497.tif,530,479,615,555,can
chip_r497.tif,524,557,612,622,can
chip_r499.tif,153,251,227,303,bottle
chip_r499.tif,210,291,276,336,bottle
chip_r499.tif,300,358,345,427,bottle
chip_r499.tif,277,288,327,352,bottle
chip_r499.tif,326,315,371,388,bottle
chip_r499.tif,358,555,406,617,bottle
chip_r499.tif,382,508,428,572,bottle
chip_r499.tif,404,500,447,572,bottle
chip_r705.tif,586,355,630,380,bottle
chip_r706.tif,88,132,153,186,can
chip_r706.tif,124,86,174,141,can
chip_r706.tif,162,89,208,140,can
chip_r707.tif,157,87,211,153,can
chip_r707.tif,111,123,166,173,can
chip_r707.tif,114,161,164,208,can
chip_r711.tif,63,337,124,383,can
chip_r711.tif,589,69,637,103,bottle
chip_r711.tif,432,247,481,264,bottle
chip_r711.tif,420,179,443,226,bottle
chip_r711.tif,434,173,466,220,bottle
chip_r714.tif,121,568,160,601,bottle
chip_r714.tif,138,543,187,568,bottle
chip_r714.tif,161,559,209,585,bottle
chip_r714.tif,302,527,341,550,bottle
chip_r714.tif,301,498,327,544,bottle
chip_r714.tif,279,499,313,529,bottle
chip_r715.tif,568,98,601,136,bottle
chip_r715.tif,543,115,568,163,bottle
chip_r715.tif,559,137,585,185,bottle
chip_r715.tif,527,278,550,317,bottle
chip_r715.tif,498,277,544,303,bottle
chip_r715.tif,499,255,529,289,bottle
chip_r718.tif,40,452,65,500,bottle
chip_r718.tif,58,298,81,338,bottle
chip_r718.tif,64,312,110,339,bottle
chip_r718.tif,79,326,109,361,bottle
chip_r719.tif,40,114,65,162,bottle
chip_r719.tif,58,277,81,316,bottle
chip_r719.tif,64,276,110,302,bottle
chip_r719.tif,79,254,109,288,bottle
chip_r801.tif,271,545,304,577,bottle
chip_r803.tif,284,151,321,192,can
chip_r803.tif,270,258,311,304,can
chip_r803.tif,374,131,396,158,container
chip_r803.tif,269,174,290,199,container
chip_r804.tif,40,584,61,620,bottle
chip_r805.tif,570,85,592,112,bottle
chip_r805.tif,576,100,603,127,bottle
chip_r805.tif,542,119,579,140,bottle
chip_r809.tif,198,569,233,591,bottle
chip_r809.tif,189,561,227,580,bottle
chip_r809.tif,212,577,236,614,bottle
chip_r809.tif,225,581,246,612,bottle
chip_r809.tif,268,508,296,529,bottle
chip_r809.tif,238,532,262,560,bottle
chip_r809.tif,214,383,246,396,bottle
chip_r809.tif,305,416,332,439,bottle
chip_r809.tif,418,439,437,464,bottle
chip_r809.tif,303,293,323,317,bottle
chip_r809.tif,335,189,353,219,bottle
chip_r809.tif,420,213,446,244,bottle
chip_r809.tif,498,278,527,298,bottle
chip_r809.tif,429,273,469,307,container
chip_r809.tif,402,243,435,278,can
chip_r809.tif,439,239,476,282,can
chip_r810.tif,456,532,489,576,can
chip_r810.tif,533,297,551,325,bottle
chip_r810.tif,561,322,590,334,bottle
chip_r810.tif,565,300,603,324,bottle
chip_r810.tif,511,98,538,114,bottle
chip_r810.tif,590,132,624,149,bottle
chip_r827.tif,48,43,84,74,container
chip_r827.tif,80,40,111,66,container
chip_r827.tif,79,37,98,52,bottle
chip_r849.tif,133,470,144,478,bottle
chip_r849.tif,130,454,135,467,bottle
chip_r849.tif,131,452,141,465,bottle
chip_r849.tif,50,282,59,299,bottle
chip_r849.tif,106,262,111,277,bottle
chip_r849.tif,88,297,98,310,bottle
chip_r849.tif,136,298,149,307,bottle
chip_r849.tif,176,308,192,318,bottle
chip_r849.tif,75,344,90,354,bottle
chip_r849.tif,165,346,180,357,bottle
chip_r849.tif,144,376,155,390,bottle
chip_r849.tif,175,425,190,432,bottle
chip_r849.tif,185,432,199,441,bottle
chip_r849.tif,201,431,208,442,bottle
chip_r849.tif,205,433,213,442,bottle
chip_r849.tif,211,437,217,449,bottle
chip_r849.tif,205,443,213,456,bottle
chip_r849.tif,142,350,154,365,container
chip_r849.tif,151,353,169,369,can
chip_r849.tif,151,339,168,353,can
chip_r865.tif,163,228,178,247,can
chip_r865.tif,291,336,303,350,bottle
chip_r865.tif,519,227,536,243,can
chip_r865.tif,517,240,531,248,bottle
chip_r865.tif,508,265,522,276,container
chip_r865.tif,527,219,540,229,container
chip_r865.tif,562,221,583,239,can
chip_r865.tif,531,502,546,520,can
chip_r865.tif,544,513,558,527,can
chip_r865.tif,545,524,558,537,can
chip_r865.tif,551,510,564,524,bottle
chip_r865.tif,148,385,156,398,bottle
chip_r869.tif,32,121,51,138,can
chip_r869.tif,136,153,149,162,bottle
chip_r869.tif,133,166,140,178,bottle
chip_r869.tif,136,166,146,180,bottle
chip_r869.tif,209,177,217,191,bottle
chip_r869.tif,215,183,220,197,bottle
chip_r869.tif,207,192,218,200,bottle
chip_r869.tif,204,190,214,202,bottle
chip_r869.tif,192,193,204,202,bottle
chip_r869.tif,179,201,194,209,bottle
chip_r869.tif,148,243,160,258,bottle
chip_r869.tif,171,278,185,289,bottle
chip_r869.tif,154,266,174,282,can
chip_r869.tif,144,269,159,285,container
chip_r869.tif,156,282,172,296,can
chip_r869.tif,182,317,196,326,bottle
chip_r869.tif,139,328,153,339,bottle
chip_r869.tif,91,326,101,338,bottle
chip_r869.tif,78,282,94,291,bottle
chip_r869.tif,106,359,116,375,bottle
chip_r869.tif,53,339,62,352,bottle
chip_r869.tif,40,354,51,365,bottle
chip_r885.tif,149,193,164,212,can
chip_r885.tif,291,310,303,326,bottle
chip_r885.tif,550,183,564,196,container
chip_r885.tif,540,192,559,210,can
chip_r885.tif,538,205,556,215,bottle
chip_r885.tif,530,233,543,246,container
chip_r885.tif,588,185,613,205,can
chip_r885.tif,552,494,572,514,can
chip_r885.tif,579,503,590,518,bottle
chip_r885.tif,568,506,582,520,can
chip_r885.tif,570,520,585,533,can
chip_r885.tif,132,362,143,379,bottle
chip_r889.tif,576,521,599,541,can
chip_r889.tif,469,494,484,506,bottle
chip_r889.tif,479,475,489,494,bottle
chip_r889.tif,474,475,484,492,bottle
chip_r889.tif,395,462,404,479,bottle
chip_r889.tif,390,454,399,472,bottle
chip_r889.tif,420,442,437,453,bottle
chip_r889.tif,407,450,425,462,bottle
chip_r889.tif,397,446,408,464,bottle
chip_r889.tif,459,389,471,405,bottle
chip_r889.tif,431,355,446,369,bottle
chip_r889.tif,418,312,434,326,bottle
chip_r889.tif,444,363,464,382,can
chip_r889.tif,459,359,474,379,container
chip_r889.tif,445,346,465,366,can
chip_r889.tif,531,352,548,367,bottle
chip_r889.tif,522,300,535,317,bottle
chip_r889.tif,466,300,479,313,bottle
chip_r889.tif,506,258,517,280,bottle
chip_r889.tif,565,284,576,303,bottle
chip_r889.tif,577,267,591,284,bottle
chip_r889.tif,588,246,599,269,bottle
chip_r905.tif,516,552,534,579,can
chip_r905.tif,39,516,50,529,container
chip_r905.tif,339,412,355,433,bottle
chip_r905.tif,545,340,556,360,bottle
chip_r905.tif,435,37,447,54,bottle
chip_r906.tif,567,554,594,590,container
chip_r906.tif,572,531,598,559,container
chip_r906.tif,586,546,600,563,bottle
chip_r909.tif,41,36,62,65,can
chip_r909.tif,387,38,408,50,bottle
chip_r909.tif,371,141,393,152,bottle
chip_r909.tif,332,187,339,204,bottle
chip_r909.tif,315,246,322,262,bottle
chip_r909.tif,327,119,338,130,bottle
chip_r909.tif,345,67,360,77,bottle
chip_r909.tif,366,49,379,63,bottle
chip_r909.tif,262,102,275,122,bottle
chip_r909.tif,212,200,232,215,bottle
chip_r909.tif,260,231,271,248,bottle
chip_r909.tif,247,195,268,212,container
chip_r909.tif,262,207,283,232,can
chip_r909.tif,239,209,262,234,can
chip_r909.tif,136,279,149,291,bottle
chip_r909.tif,117,286,135,295,bottle
chip_r909.tif,128,290,148,302,bottle
chip_r909.tif,139,285,154,297,bottle
chip_r909.tif,102,177,122,187,bottle
chip_r909.tif,102,184,121,197,bottle
chip_r909.tif,87,183,96,199,bottle
chip_r909.tif,68,294,79,308,bottle
chip_r925.tif,84,211,257,361,can
chip_r925.tif,176,104,310,216,can
chip_r925.tif,152,45,277,131,bottle
chip_r925.tif,295,100,412,209,can
chip_r930.tif,4,388,123,507,bottle
chip_r930.tif,63,173,270,415,container
chip_r930.tif,27,400,216,603,container
chip_r931.tif,517,364,636,483,bottle
chip_r931.tif,370,149,577,391,container
chip_r931.tif,424,376,613,579,container
chip_r933.tif,518,0,640,81,can
chip_r941.tif,532,559,567,587,can
chip_r942.tif,552,108,571,126,container
chip_r942.tif,560,85,588,113,can
chip_r942.tif,565,77,590,89,bottle
chip_r942.tif,473,95,508,122,can
chip_r943.tif,44,514,63,532,container
chip_r943.tif,27,527,55,555,can
chip_r943.tif,25,551,50,563,bottle
chip_r943.tif,107,518,142,545,can
chip_r945.tif,285,534,306,558,bottle
chip_r945.tif,164,49,177,72,bottle
chip_r945.tif,150,27,171,50,bottle
chip_r945.tif,141,35,158,54,bottle
chip_r946.tif,380,537,409,564,can
chip_r946.tif,394,506,414,525,bottle
chip_r946.tif,399,515,421,539,can
chip_r946.tif,418,512,441,540,can
chip_r946.tif,549,390,588,429,container
chip_r946.tif,543,424,580,470,container
chip_r946.tif,567,409,588,434,bottle
chip_r949.tif,389,28,404,52,bottle
chip_r949.tif,258,44,270,73,bottle
chip_r949.tif,247,57,264,87,bottle
chip_r949.tif,253,68,278,91,bottle
chip_r949.tif,281,74,309,93,bottle
chip_r949.tif,300,89,327,105,bottle
chip_r949.tif,365,168,384,192,bottle
chip_r949.tif,340,207,372,235,can
chip_r949.tif,364,217,392,242,container
chip_r949.tif,342,236,372,261,can
chip_r949.tif,320,231,344,245,bottle
chip_r949.tif,484,236,511,254,bottle
chip_r949.tif,378,321,399,340,bottle
chip_r949.tif,301,301,323,317,bottle
chip_r949.tif,471,314,489,337,bottle
chip_r949.tif,542,339,557,360,bottle
chip_r949.tif,445,376,459,403,bottle
chip_r949.tif,563,368,581,390,bottle
chip_r949.tif,587,389,605,417,bottle
chip_r949.tif,581,395,592,422,bottle
chip_r961.tif,265,173,297,206,bottle
chip_r962.tif,255,125,282,154,container
chip_r962.tif,228,142,273,185,can
chip_r962.tif,223,177,265,197,bottle
chip_r962.tif,205,241,233,271,container
chip_r962.tif,351,127,398,173,can
chip_r967.tif,249,230,290,276,can
chip_r967.tif,285,259,323,292,can
chip_r967.tif,308,249,338,284,bottle
chip_r967.tif,288,285,325,322,can
chip_r967.tif,390,473,463,530,container
chip_r967.tif,453,485,511,537,container
chip_r967.tif,447,514,485,544,bottle
chip_r971.tif,172,540,215,586,can
chip_r971.tif,106,270,129,304,bottle
chip_r971.tif,60,297,98,316,bottle
chip_r971.tif,56,278,92,307,bottle
chip_r971.tif,25,85,66,105,bottle
chip_r971.tif,10,71,50,91,bottle
chip_r971.tif,134,56,169,83,bottle
chip_r980.tif,1,189,62,227,bottle
chip_r984.tif,173,538,237,573,bottle
chip_r984.tif,112,506,171,552,bottle
chip_r984.tif,124,473,185,521,bottle
chip_r985.tif,4,345,68,383,bottle
chip_r989.tif,22,99,87,129,bottle
chip_r989.tif,22,118,91,162,bottle
chip_r989.tif,68,65,110,125,bottle
chip_r989.tif,94,45,134,113,bottle
chip_r989.tif,122,128,189,193,bottle
chip_r989.tif,194,209,239,274,bottle
chip_r989.tif,465,93,510,166,bottle
chip_r989.tif,386,271,443,336,bottle
chip_r989.tif,316,514,403,569,bottle
chip_r991.tif,433,374,512,415,bottle
chip_r991.tif,433,575,499,640,bottle
chip_r993.tif,284,572,331,640,bottle
chip_r993.tif,340,356,383,425,bottle
chip_r993.tif,528,404,579,480,bottle
chip_r993.tif,547,531,631,602,container
chip_r993.tif,566,464,640,552,can
chip_r993.tif,488,466,567,551,can
chip_r994.tif,41,571,91,640,bottle
chip_r994.tif,227,274,270,343,bottle
chip_r994.tif,213,241,301,289,bottle
chip_r994.tif,220,217,287,279,bottle
chip_r994.tif,197,192,277,237,bottle
chip_r994.tif,256,298,304,374,bottle
chip_r994.tif,296,344,330,424,bottle
chip_r994.tif,513,537,589,589,bottle
chip_r995.tif,65,572,115,640,bottle
chip_r995.tif,20,136,68,222,bottle
chip_r995.tif,251,274,294,343,bottle
chip_r995.tif,237,241,325,289,bottle
chip_r995.tif,244,217,311,279,bottle
chip_r995.tif,221,193,301,237,bottle
chip_r995.tif,280,298,328,374,bottle
chip_r995.tif,320,344,354,424,bottle
chip_r995.tif,538,537,613,589,bottle
chip_r997.tif,257,388,300,457,bottle
chip_r997.tif,61,437,112,513,bottle
chip_r997.tif,9,564,93,635,container
chip_r997.tif,0,497,74,585,can
chip_r997.tif,73,499,152,583,can
chip_r999.tif,168,572,254,620,bottle
chip_r999.tif,306,346,375,389,bottle
chip_r999.tif,273,315,321,403,bottle
chip_r999.tif,249,329,311,396,bottle
chip_r999.tif,225,339,269,419,bottle
chip_r999.tif,330,312,406,360,bottle
chip_r999.tif,376,286,456,320,bottle
chip_r999.tif,569,27,621,102,bottle
chip_r1005.tif,476,418,640,523,bottle
chip_r1014.tif,180,489,313,640,bottle
chip_r1017.tif,493,514,640,628,bottle
chip_r1018.tif,457,180,640,313,bottle
chip_r1019.tif,0,203,183,337,bottle
chip_r1020.tif,488,299,635,462,bottle
chip_r1020.tif,105,237,312,364,bottle
chip_r1020.tif,116,168,317,245,bottle
chip_r1020.tif,277,71,390,264,bottle
chip_r1020.tif,365,14,473,214,bottle
chip_r1024.tif,528,50,640,139,bottle
chip_r1026.tif,482,366,640,470,bottle
chip_r1027.tif,0,194,157,297,bottle
chip_r1028.tif,210,266,296,488,bottle
chip_r1029.tif,51,139,210,319,bottle
chip_r1030.tif,367,582,470,640,bottle
chip_r1031.tif,582,342,640,445,bottle
chip_r1049.tif,14,282,383,637,can
chip_r1102.tif,0,396,133,639,container
chip_r1102.tif,0,589,64,640,bottle
chip_r1103.tif,0,24,133,268,container
chip_r1103.tif,0,4,63,74,bottle
chip_r1105.tif,488,36,638,153,can
chip_r1113.tif,36,546,123,640,bottle
chip_r1113.tif,0,556,73,623,bottle
chip_r1117.tif,546,484,640,571,bottle
chip_r1117.tif,555,534,623,640,bottle
chip_r1122.tif,577,273,640,310,bottle
chip_r1128.tif,526,287,574,365,bottle
chip_r1132.tif,236,67,326,105,bottle
chip_r1132.tif,295,19,376,69,bottle
chip_r1132.tif,384,7,431,81,bottle
chip_r1132.tif,412,0,481,60,bottle
chip_r1132.tif,49,350,135,390,bottle
chip_r1132.tif,58,453,123,540,container
chip_r1132.tif,185,517,258,564,bottle
chip_r1132.tif,141,522,228,619,can
chip_r1132.tif,104,436,192,528,can
chip_r1133.tif,272,121,323,200,bottle
chip_r1133.tif,115,101,166,166,bottle
chip_r1133.tif,141,127,215,173,bottle
chip_r1137.tif,348,440,399,519,bottle
chip_r1137.tif,505,473,557,538,bottle
chip_r1137.tif,456,466,531,512,bottle
chip_r1142.tif,0,129,98,382,container
chip_r1143.tif,0,105,98,358,container
chip_r1146.tif,60,165,167,294,bottle
chip_r1146.tif,0,257,119,511,container
chip_r1146.tif,0,58,153,278,container
chip_r1147.tif,60,322,167,450,bottle
chip_r1147.tif,0,105,119,358,container
chip_r1147.tif,0,338,153,558,container
chip_r1148.tif,334,0,528,57,can
chip_r1152.tif,499,159,580,295,bottle
chip_r1152.tif,549,142,632,269,bottle
chip_r1152.tif,541,319,640,406,bottle
chip_r1156.tif,159,467,295,548,bottle
chip_r1156.tif,141,517,269,600,bottle
chip_r1156.tif,319,509,406,640,bottle
chip_r1160.tif,240,392,295,429,bottle
chip_r1164.tif,517,220,562,261,bottle
chip_r1164.tif,579,132,629,172,bottle
chip_r1164.tif,576,118,631,146,bottle
chip_r1165.tif,500,39,562,72,bottle
chip_r1165.tif,442,42,505,95,can
chip_r1165.tif,452,83,509,133,can
chip_r1165.tif,581,321,640,402,container
chip_r1165.tif,190,560,253,631,can
chip_r1166.tif,34,341,110,410,container
chip_r1166.tif,17,357,60,408,bottle
chip_r1168.tif,181,89,238,116,bottle
chip_r1168.tif,191,159,232,209,container
chip_r1168.tif,146,135,208,203,can
chip_r1168.tif,128,190,185,255,can
chip_r1168.tif,108,191,158,221,bottle
chip_r1168.tif,65,325,120,376,bottle
chip_r1168.tif,212,405,263,450,bottle
chip_r1168.tif,409,353,444,402,bottle
chip_r1168.tif,352,464,389,533,bottle
chip_r1168.tif,435,196,494,231,bottle
chip_r1168.tif,546,398,578,448,bottle
chip_r1168.tif,582,448,623,497,bottle
chip_r1180.tif,365,50,406,81,bottle
chip_r1181.tif,273,107,309,142,container
chip_r1181.tif,245,40,287,59,bottle
chip_r1184.tif,141,464,183,486,bottle
chip_r1184.tif,110,478,140,501,bottle
chip_r1184.tif,124,498,151,523,bottle
chip_r1184.tif,49,261,85,280,bottle
chip_r1185.tif,199,466,252,507,can
chip_r1185.tif,168,435,209,476,can
chip_r1185.tif,164,401,200,440,can
chip_r1185.tif,123,456,166,475,bottle
chip_r1185.tif,31,179,95,242,container
chip_r1188.tif,446,212,487,245,bottle
chip_r1188.tif,353,72,386,107,container
chip_r1188.tif,420,100,453,119,bottle
chip_r1188.tif,370,55,417,103,can
chip_r1188.tif,390,97,434,147,can
chip_r1188.tif,32,318,62,344,bottle
chip_r1188.tif,68,272,90,305,bottle
chip_r1188.tif,178,237,206,260,bottle
chip_r1188.tif,143,105,180,126,bottle
chip_r1188.tif,228,333,245,371,bottle
chip_r1188.tif,331,279,360,310,bottle
chip_r1205.tif,581,223,624,265,can
chip_r1205.tif,557,208,581,237,container
chip_r1205.tif,566,87,605,136,can
chip_r1208.tif,127,402,158,435,bottle
chip_r1209.tif,566,345,594,376,container
chip_r1213.tif,510,189,549,241,can
chip_r1213.tif,470,158,510,196,can
chip_r1213.tif,444,151,475,187,can
chip_r1213.tif,39,356,94,402,can
chip_r1213.tif,217,14,285,88,container
chip_r1216.tif,341,188,381,212,bottle
chip_r1216.tif,376,178,411,202,bottle
chip_r1216.tif,365,156,413,183,bottle
chip_r1216.tif,446,393,484,416,bottle
chip_r1216.tif,553,325,584,356,bottle
chip_r1216.tif,502,311,533,337,bottle
chip_r1216.tif,498,306,534,322,bottle
chip_r1216.tif,514,291,541,313,bottle
chip_r1216.tif,529,284,555,311,bottle
chip_r1217.tif,542,190,581,242,can
chip_r1217.tif,502,159,542,197,can
chip_r1217.tif,476,152,507,188,can
chip_r1217.tif,71,355,126,401,can
chip_r1217.tif,250,14,318,88,container
chip_r1232.tif,566,527,593,573,bottle
chip_r1232.tif,582,566,602,609,bottle
chip_r1233.tif,382,71,412,119,bottle
chip_r1233.tif,562,376,599,406,bottle
chip_r1233.tif,403,166,444,216,can
chip_r1233.tif,357,124,406,169,can
chip_r1233.tif,315,123,365,161,can
chip_r1234.tif,536,57,599,106,container
chip_r1234.tif,546,33,583,57,bottle
chip_r1235.tif,557,41,606,103,container
chip_r1237.tif,196,71,226,119,bottle
chip_r1237.tif,164,165,205,216,can
chip_r1237.tif,202,124,250,169,can
chip_r1237.tif,243,123,293,161,can
chip_r1245.tif,425,70,501,143,can
chip_r1245.tif,423,51,483,78,bottle
chip_r1245.tif,473,136,517,181,container
chip_r1246.tif,561,471,640,539,can
chip_r1247.tif,0,100,55,167,can
chip_r1253.tif,36,488,106,559,can
chip_r1253.tif,267,221,325,264,bottle
chip_r1257.tif,487,501,559,572,can
chip_r1257.tif,550,565,609,631,can
chip_r1257.tif,221,283,264,341,bottle
chip_r1269.tif,154,98,219,165,container
chip_r1287.tif,0,253,215,452,can
chip_r1287.tif,0,439,170,503,bottle
chip_r1287.tif,141,136,267,253,container
chip_r1289.tif,152,548,261,640,container
chip_r1313.tif,0,0,140,123,container
chip_r1314.tif,0,0,241,141,container
chip_r1315.tif,422,0,640,141,container
chip_r1318.tif,466,398,640,640,container
chip_r1319.tif,0,422,173,640,container
chip_r1330.tif,0,494,162,640,can
chip_r1343.tif,0,389,97,583,can
chip_r1349.tif,538,32,640,151,can
chip_r1353.tif,61,423,389,640,container
chip_r1355.tif,0,61,115,388,container
chip_r1355.tif,5,42,79,197,bottle
chip_r1355.tif,76,0,241,186,container
chip_r1357.tif,94,0,421,216,container
chip_r1368.tif,338,0,437,59,bottle
chip_r1372.tif,203,555,302,640,bottle
chip_r1376.tif,587,338,640,437,bottle
chip_r1381.tif,401,54,507,124,can
chip_r1381.tif,112,476,166,557,bottle
chip_r1382.tif,350,105,423,162,bottle
chip_r1401.tif,367,321,419,393,bottle
chip_r1401.tif,76,293,123,321,bottle
chip_r1402.tif,131,143,180,207,can
chip_r1403.tif,433,436,497,484,can
chip_r1405.tif,166,183,229,214,bottle
chip_r1405.tif,528,252,602,305,can
chip_r1405.tif,567,110,602,150,bottle
chip_r1408.tif,308,566,368,626,can
chip_r1408.tif,560,107,617,142,bottle
chip_r1408.tif,536,35,568,87,container
chip_r1408.tif,560,26,608,80,can
chip_r1412.tif,91,345,116,395,bottle
chip_r1412.tif,109,342,139,388,bottle
chip_r1412.tif,306,252,339,314,bottle
chip_r1412.tif,94,200,141,240,bottle
chip_r1412.tif,132,212,180,240,bottle
chip_r1412.tif,182,218,206,257,bottle
chip_r1412.tif,172,202,213,224,bottle
chip_r1412.tif,204,180,232,226,bottle
chip_r1420.tif,538,419,624,507,container
chip_r1420.tif,540,481,639,598,can
chip_r1433.tif,404,384,640,617,container
chip_r1434.tif,133,463,330,632,container
chip_r1437.tif,415,0,640,235,container
chip_r1438.tif,102,463,298,632,container
chip_r1439.tif,0,341,153,538,container
chip_r1445.tif,261,48,350,160,can
chip_r1449.tif,361,482,531,640,container
chip_r1449.tif,235,297,330,459,container
chip_r1461.tif,395,511,518,600,bottle
chip_r1462.tif,296,552,387,640,bottle
chip_r1463.tif,576,252,640,343,bottle
chip_r1466.tif,354,270,449,385,bottle
chip_r1467.tif,294,354,409,449,bottle
chip_r1468.tif,556,484,640,561,bottle
chip_r1469.tif,285,249,384,318,bottle
chip_r1469.tif,358,176,484,337,can
chip_r1469.tif,318,33,411,197,can
chip_r1469.tif,422,6,489,126,container
chip_r1474.tif,318,193,432,301,bottle
chip_r1474.tif,185,207,310,282,bottle
chip_r1474.tif,71,213,184,277,bottle
chip_r1474.tif,86,141,206,205,bottle
chip_r1474.tif,40,84,112,226,bottle
chip_r1478.tif,350,193,464,301,bottle
chip_r1478.tif,218,207,342,282,bottle
chip_r1478.tif,104,212,216,277,bottle
chip_r1478.tif,119,141,238,205,bottle
chip_r1478.tif,73,84,145,226,bottle
chip_r1481.tif,452,1,510,67,bottle
chip_r1481.tif,476,31,533,111,bottle
chip_r1481.tif,543,1,610,67,bottle
chip_r1481.tif,483,404,541,471,bottle
chip_r1481.tif,446,421,514,474,bottle
chip_r1481.tif,516,381,586,459,bottle
chip_r1481.tif,550,393,605,474,bottle
chip_r1481.tif,499,516,536,585,bottle
chip_r1485.tif,73,581,122,639,bottle
chip_r1485.tif,391,423,461,485,bottle
chip_r1485.tif,180,338,218,419,bottle
chip_r1485.tif,446,176,528,207,bottle
chip_r1487.tif,198,14,262,88,bottle
chip_r1490.tif,563,568,640,640,bottle
chip_r1493.tif,463,0,505,62,bottle
chip_r1494.tif,299,562,361,615,bottle
chip_r1494.tif,539,221,613,286,bottle
chip_r1494.tif,582,486,639,550,bottle
chip_r1494.tif,578,554,627,639,bottle
chip_r1495.tif,323,25,385,78,bottle
chip_r1495.tif,563,353,637,418,bottle
chip_r1497.tif,578,494,640,537,bottle
chip_r1499.tif,3,254,77,319,bottle
chip_r1505.tif,271,447,389,569,can
chip_r1527.tif,0,399,107,558,can
chip_r1528.tif,172,453,273,626,bottle
chip_r1528.tif,36,521,215,640,can
chip_r1530.tif,58,0,216,105,can
chip_r1531.tif,399,0,558,104,can
chip_r1539.tif,570,537,640,640,can
chip_r1544.tif,381,535,469,626,bottle
chip_r1545.tif,545,73,640,247,can
chip_r1552.tif,274,247,398,346,bottle
chip_r1556.tif,274,326,398,425,bottle
chip_r1561.tif,10,47,119,133,bottle
chip_r1562.tif,320,551,502,640,can
chip_r1564.tif,552,260,640,410,can
chip_r1564.tif,590,397,640,540,can
chip_r1564.tif,518,445,599,521,bottle
chip_r1564.tif,488,104,601,176,bottle
chip_r1564.tif,0,0,99,59,bottle
chip_r1568.tif,15,0,125,53,bottle
chip_r1568.tif,134,0,215,62,bottle
chip_r1568.tif,111,52,210,112,bottle
chip_r1568.tif,185,57,251,169,bottle
chip_r1568.tif,299,43,437,95,bottle
chip_r1569.tif,532,333,609,420,bottle
chip_r1584.tif,106,587,237,640,bottle
chip_r1584.tif,207,459,312,530,bottle
chip_r1584.tif,245,528,350,606,bottle
chip_r1587.tif,65,584,208,640,bottle
chip_r1589.tif,233,101,362,174,bottle
chip_r1589.tif,259,44,390,134,bottle
chip_r1589.tif,328,0,396,94,bottle
chip_r1589.tif,378,0,455,94,bottle
chip_r1589.tif,403,166,514,274,bottle
chip_r1589.tif,545,300,640,380,bottle
chip_r1591.tif,52,0,130,82,bottle
chip_r1593.tif,331,410,463,517,bottle
chip_r1595.tif,495,25,614,141,bottle
chip_r1595.tif,474,487,590,585,bottle
chip_r1595.tif,52,0,130,58,bottle
chip_r1597.tif,409,145,517,276,bottle
chip_r1598.tif,470,530,590,640,bottle
chip_r1598.tif,450,86,566,185,bottle
chip_r1599.tif,495,531,614,640,bottle
chip_r1599.tif,474,87,590,185,bottle
chip_r1610.tif,352,294,442,361,bottle
chip_r1610.tif,547,169,612,246,bottle
chip_r1613.tif,47,326,130,384,container
chip_r1613.tif,194,195,237,270,bottle
chip_r1613.tif,156,258,273,351,can
chip_r1613.tif,40,248,164,341,can
chip_r1613.tif,457,281,549,348,bottle
chip_r1614.tif,552,303,614,408,bottle
chip_r1615.tif,302,576,407,638,bottle
chip_r1619.tif,576,264,638,369,bottle
chip_r1625.tif,99,170,202,257,bottle
chip_r1625.tif,140,268,204,368,bottle
chip_r1625.tif,183,253,237,361,bottle
chip_r1625.tif,218,245,269,375,bottle
chip_r1625.tif,249,273,330,382,bottle
chip_r1625.tif,243,230,307,318,bottle
chip_r1625.tif,312,249,404,325,bottle
chip_r1625.tif,335,223,457,268,bottle
chip_r1625.tif,340,169,449,233,bottle
chip_r1625.tif,274,40,328,142,bottle
chip_r1625.tif,178,49,295,116,bottle
chip_r1625.tif,159,87,219,207,bottle
chip_r1625.tif,200,0,287,71,bottle
chip_r1625.tif,328,11,438,75,bottle
chip_r1625.tif,323,61,431,157,can
chip_r1625.tif,195,113,345,245,can
chip_r1630.tif,106,158,223,249,bottle
chip_r1630.tif,362,0,462,87,bottle
chip_r1631.tif,393,158,510,249,bottle
chip_r1631.tif,153,0,253,87,bottle
chip_r1645.tif,130,315,185,366,bottle
chip_r1645.tif,116,330,154,407,bottle
chip_r1645.tif,83,331,125,397,bottle
chip_r1645.tif,23,238,66,304,bottle
chip_r1645.tif,13,292,76,328,bottle
chip_r1645.tif,33,230,113,268,bottle
chip_r1645.tif,84,189,137,261,bottle
chip_r1645.tif,146,214,207,250,bottle
chip_r1645.tif,146,240,206,266,bottle
chip_r1645.tif,130,261,219,288,bottle
chip_r1645.tif,142,277,209,324,bottle
chip_r1645.tif,128,277,188,309,bottle
chip_r1645.tif,54,229,135,342,can
chip_r1650.tif,347,105,411,169,bottle
chip_r1651.tif,81,228,145,292,bottle
chip_r1654.tif,458,449,511,535,bottle
chip_r1654.tif,446,506,485,606,bottle
chip_r1654.tif,184,470,247,534,bottle
chip_r1655.tif,105,104,191,157,bottle
chip_r1655.tif,34,130,134,169,bottle
chip_r1655.tif,106,368,170,431,bottle
chip_r1657.tif,469,516,550,563,container
chip_r1657.tif,443,442,543,519,can
chip_r1657.tif,362,456,453,528,can
chip_r1657.tif,388,409,419,469,bottle
chip_r1657.tif,110,469,186,531,bottle
chip_r1659.tif,137,104,223,157,bottle
chip_r1659.tif,66,130,166,170,bottle
chip_r1659.tif,137,368,202,431,bottle
chip_r1659.tif,18,126,73,207,bottle
chip_r1659.tif,0,104,73,151,bottle
chip_r1665.tif,0,186,61,231,bottle
chip_r1669.tif,534,84,637,159,can
chip_r1669.tif,475,178,542,243,can
chip_r1669.tif,539,152,570,233,bottle
chip_r1669.tif,561,145,592,228,bottle
chip_r1669.tif,587,176,634,234,bottle
chip_r1669.tif,573,290,615,372,bottle
chip_r1669.tif,511,297,582,328,bottle
chip_r1669.tif,463,234,535,300,bottle
chip_r1669.tif,446,186,478,252,bottle
chip_r1669.tif,442,279,497,322,bottle
chip_r1669.tif,516,300,587,331,bottle
chip_r1669.tif,515,214,591,319,can
chip_r1670.tif,470,322,547,382,bottle
chip_r1671.tif,494,258,571,318,bottle
chip_r1673.tif,340,0,385,76,container
chip_r1673.tif,216,95,273,145,bottle
chip_r1673.tif,231,347,284,407,bottle
chip_r1673.tif,261,0,352,90,can
chip_r1673.tif,254,68,343,180,can
chip_r1675.tif,485,42,573,97,bottle
chip_r1675.tif,527,313,618,352,bottle
chip_r1675.tif,257,552,357,594,bottle
chip_r1677.tif,221,564,266,640,container
chip_r1677.tif,333,495,391,545,bottle
chip_r1677.tif,324,233,377,293,bottle
chip_r1677.tif,254,550,345,640,can
chip_r1677.tif,264,460,353,572,can
chip_r1679.tif,543,99,598,187,bottle
chip_r1679.tif,287,54,327,145,bottle
chip_r1679.tif,311,0,356,73,bottle
chip_r1679.tif,46,314,88,414,bottle
chip_r1689.tif,459,224,532,271,bottle
chip_r1689.tif,541,256,582,331,bottle
chip_r1689.tif,479,303,546,324,bottle
chip_r1689.tif,449,288,480,366,bottle
chip_r1689.tif,428,351,487,399,bottle
chip_r1689.tif,392,287,442,352,bottle
chip_r1689.tif,373,326,434,381,bottle
chip_r1689.tif,393,376,441,456,bottle
chip_r1689.tif,496,406,541,481,bottle
chip_r1689.tif,540,414,565,468,bottle
chip_r1689.tif,553,412,608,459,bottle
chip_r1689.tif,571,402,640,437,bottle
chip_r1689.tif,571,369,640,416,bottle
chip_r1689.tif,555,373,620,407,bottle
chip_r1689.tif,558,347,640,376,bottle
chip_r1689.tif,570,323,640,364,bottle
chip_r1689.tif,580,306,640,345,bottle
chip_r1689.tif,496,487,595,569,can
chip_r1689.tif,479,307,554,412,can
chip_r1689.tif,422,387,499,464,can
chip_r1690.tif,138,381,222,436,bottle
chip_r1691.tif,382,114,436,198,bottle
chip_r1694.tif,163,116,262,157,bottle
chip_r1694.tif,143,0,236,55,can
chip_r1697.tif,534,460,564,526,bottle
chip_r1697.tif,215,440,303,519,bottle
chip_r1697.tif,492,390,595,469,can
chip_r1698.tif,346,483,445,523,bottle
chip_r1698.tif,372,585,465,640,can
chip_r1699.tif,345,93,445,133,bottle
chip_r1709.tif,284,304,453,421,can
chip_r1709.tif,161,216,275,271,bottle
chip_r1709.tif,258,162,317,304,bottle
chip_r1709.tif,305,190,363,323,bottle
chip_r1709.tif,341,181,432,281,bottle
chip_r1709.tif,482,118,574,204,bottle
chip_r1709.tif,397,76,493,131,bottle
chip_r1709.tif,483,0,565,100,bottle
chip_r1709.tif,452,0,534,66,bottle
chip_r1709.tif,397,0,449,109,bottle
chip_r1709.tif,397,57,501,137,bottle
chip_r1709.tif,302,7,419,56,bottle
chip_r1709.tif,250,0,300,87,bottle
chip_r1709.tif,145,45,224,149,bottle
chip_r1709.tif,161,75,248,164,bottle
chip_r1709.tif,180,111,281,174,bottle
chip_r1709.tif,166,167,287,230,bottle
chip_r1709.tif,240,121,315,211,bottle
chip_r1709.tif,297,16,410,195,can
chip_r1709.tif,404,121,527,226,can
chip_r1710.tif,426,15,505,105,bottle
chip_r1710.tif,278,22,388,108,bottle
chip_r1710.tif,311,0,431,55,bottle
chip_r1729.tif,296,221,449,331,can
chip_r1729.tif,401,291,587,440,container
chip_r1729.tif,411,409,525,526,can
chip_r1729.tif,402,510,494,576,bottle
chip_r1729.tif,499,443,572,545,bottle
chip_r1729.tif,463,571,529,640,bottle
chip_r1729.tif,478,547,563,640,bottle
chip_r1729.tif,402,507,505,576,bottle
chip_r1729.tif,398,538,451,640,bottle
chip_r1729.tif,302,583,414,640,bottle
chip_r1729.tif,250,555,309,640,bottle
chip_r1729.tif,143,502,232,597,bottle
chip_r1729.tif,183,490,268,567,bottle
chip_r1729.tif,168,467,287,534,bottle
chip_r1729.tif,168,417,289,481,bottle
chip_r1729.tif,248,445,317,522,bottle
chip_r1729.tif,170,369,294,426,bottle
chip_r1729.tif,251,348,322,443,bottle
chip_r1729.tif,320,321,375,434,bottle
chip_r1729.tif,344,357,437,467,bottle
chip_r1729.tif,314,455,413,605,can
chip_r1730.tif,125,5,213,113,bottle
chip_r1730.tif,246,29,372,91,bottle
chip_r1730.tif,208,0,315,62,bottle
chip_r1745.tif,163,223,239,298,bottle
chip_r1745.tif,143,211,205,281,bottle
chip_r1745.tif,91,244,165,329,bottle
chip_r1745.tif,71,241,142,330,bottle
chip_r1745.tif,106,297,160,368,bottle
chip_r1745.tif,62,275,126,372,bottle
chip_r1745.tif,32,330,106,373,bottle
chip_r1745.tif,81,427,152,502,bottle
chip_r1745.tif,56,414,124,481,bottle
chip_r1745.tif,37,398,109,456,bottle
chip_r1745.tif,9,381,80,436,bottle
chip_r1745.tif,26,470,61,575,bottle
chip_r1745.tif,64,561,132,636,container
chip_r1745.tif,0,227,74,345,can
chip_r1747.tif,0,0,138,75,container
chip_r1750.tif,349,72,379,165,bottle
chip_r1750.tif,273,26,354,73,bottle
chip_r1750.tif,227,136,311,186,bottle
chip_r1750.tif,254,42,330,115,bottle
chip_r1750.tif,505,0,640,162,container
chip_r1750.tif,442,0,529,57,can
chip_r1750.tif,440,0,531,60,can
chip_r1751.tif,48,349,141,379,bottle
chip_r1751.tif,111,227,162,311,bottle
chip_r1751.tif,18,254,91,330,bottle
chip_r1751.tif,0,504,138,640,container
chip_r1765.tif,52,428,165,526,bottle
chip_r1765.tif,39,385,154,486,bottle
chip_r1765.tif,85,290,199,390,bottle
chip_r1765.tif,107,335,204,437,bottle
chip_r1765.tif,161,348,279,441,bottle
chip_r1765.tif,142,283,261,386,bottle
chip_r1765.tif,228,246,287,365,bottle
chip_r1765.tif,208,200,342,264,bottle
chip_r1765.tif,217,155,306,212,bottle
chip_r1765.tif,221,124,339,180,bottle
chip_r1765.tif,275,242,325,379,bottle
chip_r1765.tif,279,231,386,322,bottle
chip_r1765.tif,301,258,407,376,bottle
chip_r1765.tif,337,304,442,408,bottle
chip_r1765.tif,349,325,470,436,bottle
chip_r1765.tif,426,256,568,312,bottle
chip_r1765.tif,463,137,534,265,bottle
chip_r1765.tif,543,179,640,282,bottle
chip_r1765.tif,525,125,619,239,bottle
chip_r1765.tif,562,62,640,178,bottle
chip_r1765.tif,494,8,586,126,bottle
chip_r1765.tif,452,32,527,161,bottle
chip_r1765.tif,549,0,636,78,bottle
chip_r1765.tif,151,0,329,87,container
chip_r1765.tif,554,329,640,422,container
chip_r1765.tif,81,137,247,308,can
chip_r1765.tif,47,47,194,212,can
chip_r1765.tif,332,130,514,258,can
chip_r1765.tif,325,0,473,155,can
chip_r1765.tif,165,24,351,146,can
chip_r1766.tif,410,92,560,150,bottle
chip_r1766.tif,374,25,510,133,bottle
chip_r1766.tif,308,0,385,93,bottle
chip_r1766.tif,374,63,640,351,container
chip_r1766.tif,508,0,640,104,can
chip_r1767.tif,433,490,584,548,bottle
chip_r1767.tif,397,507,534,615,bottle
chip_r1767.tif,331,547,408,640,bottle
chip_r1767.tif,397,289,640,577,container
chip_r1767.tif,532,536,640,640,can
chip_r1769.tif,190,586,314,640,bottle
chip_r1769.tif,4,586,91,640,bottle
chip_r1769.tif,8,510,141,611,bottle
chip_r1769.tif,0,566,65,613,bottle
chip_r1769.tif,1,327,130,424,bottle
chip_r1769.tif,0,204,101,297,bottle
chip_r1769.tif,0,335,53,460,bottle
chip_r1769.tif,311,547,489,640,container
chip_r1769.tif,75,461,214,566,container
chip_r1769.tif,119,497,287,640,can
chip_r1769.tif,40,359,231,487,can
chip_r1769.tif,241,406,375,586,can
chip_r1769.tif,107,496,288,640,can
chip_r1770.tif,566,570,613,639,bottle
chip_r1770.tif,510,250,640,315,bottle
chip_r1770.tif,456,262,611,354,bottle
chip_r1770.tif,172,293,299,395,bottle
chip_r1770.tif,290,281,373,419,bottle
chip_r1770.tif,340,273,457,377,bottle
chip_r1770.tif,110,513,233,623,bottle
chip_r1770.tif,431,301,553,368,bottle
chip_r1770.tif,535,359,640,407,bottle
chip_r1770.tif,551,377,640,462,bottle
chip_r1770.tif,513,403,633,478,bottle
chip_r1770.tif,541,469,640,598,bottle
chip_r1770.tif,445,464,566,533,bottle
chip_r1770.tif,501,522,555,640,bottle
chip_r1770.tif,448,507,510,632,bottle
chip_r1770.tif,399,489,471,590,bottle
chip_r1770.tif,377,561,448,640,bottle
chip_r1770.tif,237,530,360,623,bottle
chip_r1770.tif,214,451,311,579,bottle
chip_r1770.tif,231,395,380,476,bottle
chip_r1770.tif,293,444,420,530,bottle
chip_r1770.tif,315,479,422,565,bottle
chip_r1770.tif,310,520,419,628,bottle
chip_r1770.tif,231,530,345,628,bottle
chip_r1770.tif,376,352,445,487,bottle
chip_r1770.tif,445,350,536,477,bottle
chip_r1771.tif,0,301,130,365,bottle
chip_r1771.tif,29,261,184,353,bottle
chip_r1771.tif,341,220,468,323,bottle
chip_r1771.tif,267,197,350,335,bottle
chip_r1771.tif,182,238,300,343,bottle
chip_r1771.tif,406,0,530,103,bottle
chip_r1771.tif,87,247,209,314,bottle
chip_r1771.tif,0,209,105,256,bottle
chip_r1771.tif,0,152,89,238,bottle
chip_r1771.tif,6,136,127,212,bottle
chip_r1771.tif,0,18,99,146,bottle
chip_r1771.tif,73,82,195,151,bottle
chip_r1771.tif,84,0,139,93,bottle
chip_r1771.tif,129,0,192,107,bottle
chip_r1771.tif,168,26,241,125,bottle
chip_r1771.tif,192,0,263,55,bottle
chip_r1771.tif,279,0,403,86,bottle
chip_r1771.tif,328,37,426,165,bottle
chip_r1771.tif,259,139,409,221,bottle
chip_r1771.tif,219,85,347,172,bottle
chip_r1771.tif,217,51,325,137,bottle
chip_r1771.tif,221,0,330,96,bottle
chip_r1771.tif,294,0,409,86,bottle
chip_r1771.tif,194,128,264,264,bottle
chip_r1771.tif,104,138,195,265,bottle
chip_r1786.tif,559,519,640,570,bottle
chip_r1786.tif,526,558,587,640,bottle
chip_r1786.tif,587,531,640,592,bottle
chip_r1786.tif,363,559,558,640,container
chip_r1787.tif,559,543,640,594,bottle
chip_r1787.tif,526,582,588,640,bottle
chip_r1787.tif,588,555,640,616,bottle
chip_r1787.tif,363,583,558,640,container
chip_r1789.tif,0,434,70,518,bottle
chip_r1789.tif,1,487,66,553,bottle
chip_r1789.tif,30,491,135,528,bottle
chip_r1789.tif,138,437,212,530,bottle
chip_r1789.tif,218,454,287,556,bottle
chip_r1789.tif,269,552,362,629,bottle
chip_r1789.tif,216,571,276,640,bottle
chip_r1789.tif,39,540,73,612,bottle
chip_r1789.tif,95,567,148,638,bottle
chip_r1789.tif,74,532,104,626,bottle
chip_r1789.tif,112,526,175,605,bottle
chip_r1789.tif,112,499,201,561,bottle
chip_r1789.tif,143,539,217,616,bottle
chip_r1789.tif,168,540,268,619,bottle
chip_r1789.tif,81,372,175,501,can
chip_r1789.tif,31,375,117,488,container
chip_r1789.tif,0,326,81,454,can
chip_r1789.tif,11,264,146,363,can
chip_r1790.tif,9,168,67,267,bottle
chip_r1790.tif,54,168,151,219,bottle
chip_r1790.tif,56,222,138,316,bottle
chip_r1790.tif,79,109,155,186,bottle
chip_r1790.tif,118,0,165,70,bottle
chip_r1790.tif,90,3,161,106,bottle
chip_r1790.tif,48,0,109,49,bottle
chip_r1790.tif,0,110,94,174,bottle
chip_r1790.tif,75,33,137,124,bottle
chip_r1790.tif,21,56,103,109,bottle
chip_r1791.tif,420,30,471,127,bottle
chip_r1791.tif,322,32,416,114,bottle
chip_r1791.tif,453,55,530,131,bottle
chip_r1791.tif,569,94,640,141,bottle
chip_r1791.tif,532,66,636,137,bottle
chip_r1791.tif,589,24,639,85,bottle
chip_r1791.tif,466,0,529,70,bottle
chip_r1791.tif,514,51,606,113,bottle
chip_r1791.tif,530,0,582,79,bottle
chip_r1801.tif,190,154,288,285,bottle
chip_r1801.tif,453,365,584,450,bottle
chip_r1802.tif,45,250,179,342,bottle
chip_r1803.tif,274,461,366,595,bottle
chip_r1805.tif,45,0,164,93,bottle
chip_r1825.tif,244,162,303,223,bottle
chip_r1825.tif,231,139,269,208,bottle
chip_r1825.tif,205,209,281,252,bottle
chip_r1825.tif,169,179,234,237,bottle
chip_r1825.tif,172,209,238,264,bottle
chip_r1825.tif,195,180,261,221,bottle
chip_r1825.tif,150,259,219,296,bottle
chip_r1825.tif,146,283,222,319,bottle
chip_r1825.tif,120,253,159,326,bottle
chip_r1825.tif,89,245,131,306,bottle
chip_r1825.tif,74,254,113,325,bottle
chip_r1825.tif,141,290,194,349,bottle
chip_r1825.tif,153,304,221,365,bottle
chip_r1825.tif,176,316,236,381,bottle
chip_r1825.tif,193,330,254,395,bottle
chip_r1825.tif,149,373,181,449,bottle
chip_r1825.tif,84,387,159,436,bottle
chip_r1825.tif,76,424,147,478,bottle
chip_r1825.tif,104,437,169,500,bottle
chip_r1825.tif,193,442,243,502,container
chip_r1825.tif,83,182,184,272,can
chip_r1825.tif,36,159,133,242,can
chip_r1825.tif,0,211,61,319,container
chip_r1825.tif,21,226,94,323,can
chip_r1825.tif,84,316,151,430,can
chip_r1825.tif,3,312,94,391,can
chip_r1825.tif,0,469,65,561,can
chip_r1825.tif,43,479,208,636,container
chip_r1825.tif,25,382,101,426,bottle
chip_r1825.tif,83,388,159,437,bottle
chip_r1825.tif,15,408,82,461,bottle
chip_r1825.tif,0,439,55,483,bottle
chip_r1825.tif,49,454,101,516,bottle
chip_r1825.tif,7,538,69,588,bottle
chip_r1825.tif,25,562,83,640,bottle
chip_r1829.tif,590,320,640,428,container
chip_r1829.tif,521,280,620,362,can
chip_r1829.tif,570,209,640,310,can
chip_r1829.tif,546,192,610,272,container
chip_r1829.tif,494,176,567,275,can
chip_r1829.tif,580,168,637,226,bottle
chip_r1829.tif,573,137,623,189,bottle
chip_r1829.tif,520,150,606,188,bottle
chip_r1829.tif,470,153,525,223,bottle
chip_r1829.tif,409,134,461,210,bottle
chip_r1829.tif,477,131,548,177,bottle
chip_r1829.tif,469,83,526,143,bottle
chip_r1829.tif,549,80,577,150,bottle
chip_r1829.tif,575,76,601,147,bottle
chip_r1829.tif,473,132,539,178,bottle
chip_r1829.tif,421,53,464,118,bottle
chip_r1829.tif,426,14,506,58,bottle
chip_r1829.tif,520,62,559,122,bottle
chip_r1829.tif,541,50,608,102,bottle
chip_r1829.tif,424,82,500,142,bottle
chip_r1829.tif,353,77,423,134,bottle
chip_r1829.tif,544,0,587,62,bottle
chip_r1829.tif,503,0,551,72,bottle
chip_r1829.tif,453,30,510,91,bottle
chip_r1829.tif,479,42,533,90,bottle
chip_r1829.tif,577,18,640,62,bottle
chip_r1830.tif,29,0,60,62,bottle
chip_r1830.tif,0,88,51,154,bottle
chip_r1830.tif,6,14,57,90,bottle
chip_r1830.tif,142,241,229,315,bottle
chip_r1870.tif,232,549,267,599,bottle
chip_r1871.tif,573,373,623,408,bottle
chip_r1885.tif,247,523,274,549,bottle
chip_r1885.tif,239,537,274,555,bottle
chip_r1885.tif,259,543,276,568,bottle
chip_r1885.tif,256,551,280,580,bottle
chip_r1885.tif,269,531,288,562,bottle
chip_r1885.tif,269,550,294,578,bottle
chip_r1885.tif,323,545,352,572,bottle
chip_r1885.tif,314,552,341,577,bottle
chip_r1885.tif,309,560,336,587,bottle
chip_r1885.tif,300,558,315,587,bottle
chip_r1885.tif,306,573,328,592,bottle
chip_r1885.tif,290,559,307,591,bottle
chip_r1885.tif,284,585,322,603,bottle
chip_r1885.tif,335,577,373,588,bottle
chip_r1885.tif,369,583,392,610,bottle
chip_r1885.tif,345,586,363,615,bottle
chip_r1885.tif,255,574,298,615,can
chip_r1885.tif,312,589,363,621,can
chip_r1885.tif,359,590,384,623,bottle
chip_r1885.tif,366,545,393,573,container
chip_r1885.tif,386,565,447,631,container
chip_r1889.tif,337,589,364,615,container
chip_r1889.tif,297,578,332,620,can
chip_r1889.tif,333,567,379,598,can
chip_r1889.tif,370,580,395,600,container
chip_r1889.tif,376,560,397,590,bottle
chip_r1889.tif,363,531,395,551,bottle
chip_r1889.tif,393,508,420,539,bottle
chip_r1889.tif,400,535,433,555,bottle
chip_r1889.tif,426,536,445,571,bottle
chip_r1889.tif,442,524,468,554,bottle
chip_r1889.tif,516,499,539,532,bottle
chip_r1889.tif,437,553,472,572,bottle
chip_r1889.tif,446,563,473,592,bottle
chip_r1889.tif,424,571,452,588,bottle
chip_r1889.tif,454,589,475,622,bottle
chip_r1889.tif,446,583,469,614,bottle
chip_r1889.tif,425,589,452,606,bottle
chip_r1889.tif,407,590,428,620,bottle
chip_r1889.tif,393,543,415,569,bottle
chip_r1889.tif,402,552,424,585,bottle
chip_r1905.tif,557,265,580,290,bottle
chip_r1905.tif,565,285,591,299,bottle
chip_r1905.tif,581,274,605,294,bottle
chip_r1905.tif,580,284,603,305,bottle
chip_r1905.tif,571,261,584,286,bottle
chip_r1905.tif,574,276,595,289,bottle
chip_r1905.tif,586,300,611,313,bottle
chip_r1905.tif,584,308,613,321,bottle
chip_r1905.tif,585,315,610,336,bottle
chip_r1905.tif,582,320,601,343,bottle
chip_r1905.tif,576,323,596,347,bottle
chip_r1905.tif,577,360,597,380,container
chip_r1909.tif,257,544,282,563,bottle
chip_r1909.tif,279,589,303,608,container
chip_r1909.tif,272,573,305,598,can
chip_r1909.tif,264,565,288,584,bottle
chip_r1909.tif,256,569,271,590,bottle
chip_r1909.tif,258,584,275,600,container
chip_r1909.tif,231,590,250,617,bottle
chip_r1909.tif,144,519,165,545,bottle
chip_r1909.tif,71,469,94,484,bottle
chip_r1909.tif,204,538,220,561,bottle
chip_r1909.tif,73,452,91,472,bottle
chip_r1909.tif,62,452,77,473,bottle
chip_r1909.tif,220,549,232,577,bottle
chip_r1909.tif,238,527,260,551,bottle
chip_r1909.tif,228,547,255,564,bottle
chip_r1909.tif,198,561,224,576,bottle
chip_r1909.tif,197,569,219,591,bottle
chip_r1909.tif,204,589,218,610,bottle
chip_r1909.tif,241,551,261,574,bottle
chip_r1909.tif,223,561,245,592,bottle
chip_r1925.tif,48,269,68,289,bottle
chip_r1925.tif,44,265,57,288,bottle
chip_r1925.tif,37,278,52,288,bottle
chip_r1925.tif,40,287,61,298,bottle
chip_r1925.tif,30,285,50,302,bottle
chip_r1925.tif,34,320,53,338,bottle
chip_r1925.tif,35,351,51,368,container
chip_r1945.tif,350,584,366,600,bottle
chip_r1945.tif,344,589,352,606,bottle
chip_r1969.tif,578,370,591,379,bottle
chip_r1969.tif,567,402,582,412,bottle
chip_r1969.tif,538,443,547,456,bottle
chip_r1969.tif,527,444,537,455,bottle
chip_r1969.tif,528,451,539,459,bottle
chip_r1969.tif,571,347,585,359,bottle
chip_r1969.tif,582,333,593,348,bottle
chip_r1969.tif,583,349,594,363,bottle
chip_r1969.tif,584,362,600,371,bottle
chip_r1969.tif,586,346,600,358,bottle
chip_r2020.tif,497,0,571,86,bottle
chip_r2020.tif,443,0,519,126,bottle
chip_r2021.tif,31,1,107,100,bottle
chip_r2021.tif,59,186,160,285,bottle
chip_r2021.tif,183,300,312,369,bottle
chip_r2023.tif,0,406,105,495,bottle
chip_r2026.tif,583,519,640,640,bottle
chip_r2026.tif,555,234,640,388,container
chip_r2027.tif,583,495,640,619,bottle
chip_r2027.tif,555,210,640,364,container
chip_r2030.tif,182,344,305,449,bottle
chip_r2030.tif,0,0,60,121,bottle
chip_r2030.tif,18,374,175,518,can
chip_r2030.tif,18,210,193,358,can
chip_r2031.tif,368,182,473,305,bottle
chip_r2031.tif,21,0,145,59,bottle
chip_r2031.tif,399,18,542,175,can
chip_r2031.tif,235,18,382,193,can
chip_r2049.tif,56,246,69,255,bottle
chip_r2049.tif,83,210,92,222,bottle
chip_r2049.tif,90,213,99,222,bottle
chip_r2049.tif,90,210,97,215,bottle
chip_r2049.tif,49,274,60,282,bottle
chip_r2049.tif,54,290,65,302,bottle
chip_r2049.tif,47,299,57,312,bottle
chip_r2049.tif,41,291,53,301,bottle
chip_r2049.tif,47,287,56,299,bottle
chip_r2069.tif,68,408,85,422,bottle
chip_r2069.tif,57,371,73,384,bottle
chip_r2069.tif,65,345,81,360,bottle
chip_r2069.tif,58,331,69,348,bottle
chip_r2069.tif,47,363,65,373,bottle
chip_r2069.tif,47,367,57,385,bottle
chip_r2069.tif,39,374,51,385,bottle
chip_r2069.tif,39,338,54,347,bottle
chip_r2069.tif,57,349,66,363,bottle
chip_r2069.tif,42,348,58,361,bottle
chip_r2069.tif,105,455,118,473,bottle
chip_r2069.tif,117,465,131,476,bottle
chip_r2069.tif,117,457,129,470,bottle
chip_r2085.tif,376,187,394,203,bottle
chip_r2085.tif,382,184,399,194,bottle
chip_r2085.tif,377,178,387,193,bottle
chip_r2085.tif,375,168,388,188,bottle
chip_r2085.tif,370,180,379,197,bottle
chip_r2085.tif,367,169,379,188,bottle
chip_r2085.tif,359,164,369,180,bottle
chip_r2085.tif,351,156,371,167,bottle
chip_r2085.tif,362,146,391,171,can
chip_r2085.tif,372,135,397,160,can
chip_r2085.tif,352,129,374,151,can
chip_r2085.tif,343,94,364,121,can
chip_r2085.tif,316,88,342,107,can
chip_r2085.tif,325,107,349,129,can
chip_r2085.tif,354,112,382,140,container
chip_r2085.tif,334,126,353,149,can
chip_r2085.tif,325,145,354,164,can
chip_r2085.tif,305,174,323,188,container
chip_r2085.tif,272,137,311,178,container
chip_r2085.tif,289,121,317,142,can
chip_r2085.tif,306,96,319,110,container
chip_r2085.tif,319,164,341,173,bottle
chip_r2085.tif,332,173,348,188,bottle
chip_r2085.tif,337,169,354,185,bottle
chip_r2085.tif,340,163,357,180,bottle
chip_r2085.tif,274,132,292,145,bottle
chip_r2085.tif,264,121,273,140,bottle
chip_r2085.tif,219,47,234,65,bottle
chip_r2085.tif,292,52,307,70,bottle
chip_r2085.tif,304,64,325,79,bottle
chip_r2085.tif,312,82,328,98,bottle
chip_r2085.tif,303,84,315,100,bottle
chip_r2085.tif,294,72,306,88,bottle
chip_r2085.tif,286,69,303,80,bottle
chip_r2085.tif,275,70,287,91,bottle
chip_r2085.tif,264,62,276,79,bottle
chip_r2085.tif,260,78,280,91,bottle
chip_r2085.tif,259,87,274,102,bottle
chip_r2085.tif,257,101,270,120,bottle
chip_r2085.tif,255,106,264,129,bottle
chip_r2085.tif,307,151,322,166,bottle
chip_r2085.tif,313,144,326,161,bottle
chip_r2085.tif,304,137,319,153,bottle
chip_r2085.tif,320,125,333,143,bottle
chip_r2085.tif,323,101,339,115,container
chip_r2085.tif,312,108,327,123,bottle
chip_r2085.tif,286,105,302,121,bottle
chip_r2085.tif,287,115,303,128,bottle
chip_r2085.tif,287,79,296,97,bottle
chip_r2085.tif,296,95,308,108,bottle
chip_r2085.tif,276,110,288,125,bottle
chip_r2085.tif,272,103,286,111,bottle
chip_r2085.tif,296,108,310,121,bottle
chip_r2105.tif,225,397,246,417,bottle
chip_r2105.tif,220,408,239,422,bottle
chip_r2105.tif,242,404,254,425,bottle
chip_r2105.tif,238,415,259,437,bottle
chip_r2105.tif,232,418,248,437,bottle
chip_r2105.tif,253,423,267,445,bottle
chip_r2105.tif,250,439,276,456,bottle
chip_r2105.tif,258,453,274,465,bottle
chip_r2105.tif,262,419,274,445,bottle
chip_r2105.tif,268,434,281,448,bottle
chip_r2105.tif,269,421,286,443,bottle
chip_r2105.tif,272,416,293,437,bottle
chip_r2105.tif,276,412,296,432,bottle
chip_r2105.tif,289,434,313,444,bottle
chip_r2105.tif,309,439,326,457,bottle
chip_r2105.tif,303,445,319,466,bottle
chip_r2105.tif,312,457,331,474,bottle
chip_r2105.tif,307,472,319,494,bottle
chip_r2105.tif,300,489,320,509,bottle
chip_r2105.tif,300,521,322,537,bottle
chip_r2105.tif,270,483,290,493,bottle
chip_r2105.tif,240,469,274,504,container
chip_r2105.tif,309,413,328,433,container
chip_r2105.tif,321,427,365,477,container
chip_r2105.tif,411,555,428,576,bottle
chip_r2105.tif,345,465,366,479,bottle
chip_r2105.tif,314,467,347,493,can
chip_r2105.tif,271,442,306,465,can
chip_r2105.tif,273,462,296,485,can
chip_r2105.tif,273,483,303,509,can
chip_r2105.tif,285,508,316,530,can
chip_r2105.tif,260,493,286,525,can
chip_r2105.tif,247,460,276,481,can
chip_r2105.tif,230,433,261,464,can
chip_r2105.tif,224,448,250,478,can
chip_r2105.tif,307,541,327,555,bottle
chip_r2105.tif,326,552,344,573,bottle
chip_r2105.tif,361,541,376,561,bottle
chip_r2105.tif,362,513,380,532,bottle
chip_r2105.tif,359,527,380,540,bottle
chip_r2105.tif,369,493,385,517,bottle
chip_r2105.tif,372,483,386,507,bottle
chip_r2105.tif,367,471,376,493,bottle
chip_r2105.tif,345,486,361,504,bottle
chip_r2105.tif,349,526,361,553,bottle
chip_r2105.tif,322,505,346,516,bottle
chip_r2105.tif,314,514,328,535,bottle
chip_r2105.tif,332,493,349,515,bottle
chip_r2105.tif,329,484,349,501,bottle
chip_r2105.tif,330,540,352,553,bottle
chip_r2105.tif,340,526,357,541,bottle
chip_r2105.tif,324,526,342,550,bottle
chip_r2105.tif,363,497,377,518,bottle
chip_r2125.tif,343,211,369,237,bottle
chip_r2125.tif,355,202,372,233,bottle
chip_r2125.tif,351,230,380,246,bottle
chip_r2125.tif,365,230,392,251,bottle
chip_r2125.tif,367,219,393,239,bottle
chip_r2125.tif,374,246,400,262,bottle
chip_r2125.tif,394,242,412,272,bottle
chip_r2125.tif,386,258,406,279,bottle
chip_r2125.tif,374,262,399,285,bottle
chip_r2125.tif,368,268,390,293,bottle
chip_r2125.tif,362,274,385,297,bottle
chip_r2125.tif,386,286,399,316,bottle
chip_r2125.tif,400,305,426,325,bottle
chip_r2125.tif,394,313,415,332,bottle
chip_r2125.tif,398,293,422,310,bottle
chip_r2125.tif,415,292,441,308,bottle
chip_r2125.tif,446,265,460,290,bottle
chip_r2125.tif,455,303,476,325,bottle
chip_r2125.tif,492,301,511,328,bottle
chip_r2125.tif,515,307,534,335,bottle
chip_r2125.tif,529,333,553,355,bottle
chip_r2125.tif,514,339,529,365,bottle
chip_r2125.tif,499,360,528,374,bottle
chip_r2125.tif,500,375,514,399,bottle
chip_r2125.tif,516,375,539,394,bottle
chip_r2125.tif,533,437,558,454,bottle
chip_r2125.tif,434,310,460,327,bottle
chip_r2125.tif,415,314,436,337,bottle
chip_r2125.tif,424,355,441,380,bottle
chip_r2125.tif,423,346,449,362,bottle
chip_r2125.tif,430,381,459,390,bottle
chip_r2125.tif,445,388,474,404,bottle
chip_r2125.tif,458,382,484,401,bottle
chip_r2125.tif,483,377,504,399,bottle
chip_r2125.tif,463,378,491,395,bottle
chip_r2125.tif,448,356,473,373,bottle
chip_r2125.tif,448,339,465,359,bottle
chip_r2125.tif,472,328,484,354,bottle
chip_r2125.tif,483,320,509,336,bottle
chip_r2125.tif,475,285,503,321,can
chip_r2125.tif,446,272,479,306,can
chip_r2125.tif,458,254,495,282,can
chip_r2125.tif,406,211,439,241,can
chip_r2125.tif,417,237,445,271,can
chip_r2125.tif,386,218,423,255,can
chip_r2125.tif,421,267,451,297,can
chip_r2125.tif,398,268,423,307,can
chip_r2125.tif,364,312,384,334,container
chip_r2125.tif,379,328,436,379,container
chip_r2125.tif,430,228,469,267,container
chip_r2125.tif,481,353,506,374,container
chip_r2125.tif,497,332,524,353,container
chip_r2125.tif,427,323,456,356,can
chip_r2145.tif,447,240,479,263,bottle
chip_r2145.tif,442,225,471,253,bottle
chip_r2145.tif,424,235,445,270,bottle
chip_r2145.tif,434,259,458,290,bottle
chip_r2145.tif,418,257,447,287,bottle
chip_r2145.tif,437,248,459,274,bottle
chip_r2145.tif,406,267,423,301,bottle
chip_r2145.tif,391,295,427,315,bottle
chip_r2145.tif,392,317,418,330,bottle
chip_r2145.tif,392,264,411,301,bottle
chip_r2145.tif,373,265,402,298,bottle
chip_r2145.tif,364,259,396,287,bottle
chip_r2145.tif,356,250,389,278,bottle
chip_r2145.tif,331,283,369,298,bottle
chip_r2145.tif,309,291,339,320,bottle
chip_r2145.tif,320,300,346,334,bottle
chip_r2145.tif,303,318,334,348,bottle
chip_r2145.tif,318,343,340,380,bottle
chip_r2145.tif,327,330,359,366,bottle
chip_r2145.tif,343,324,362,356,bottle
chip_r2145.tif,368,362,397,377,bottle
chip_r2145.tif,321,375,348,398,bottle
chip_r2145.tif,337,386,369,413,container
chip_r2145.tif,283,397,315,411,bottle
chip_r2145.tif,317,423,349,447,bottle
chip_r2145.tif,310,398,332,421,container
chip_r2145.tif,304,413,324,444,bottle
chip_r2145.tif,307,455,341,476,bottle
chip_r2145.tif,309,254,336,280,container
chip_r2145.tif,396,341,445,393,container
chip_r2145.tif,247,333,279,353,bottle
chip_r2145.tif,249,271,317,346,container
chip_r2145.tif,269,333,291,367,bottle
chip_r2145.tif,253,363,277,397,bottle
chip_r2145.tif,250,355,269,386,bottle
chip_r2145.tif,225,359,250,390,bottle
chip_r2145.tif,231,341,246,374,bottle
chip_r2145.tif,215,360,234,398,bottle
chip_r2145.tif,218,382,239,412,bottle
chip_r2145.tif,221,433,261,454,bottle
chip_r2145.tif,229,452,253,486,bottle
chip_r2145.tif,148,476,172,511,bottle
chip_r2145.tif,38,562,70,583,bottle
chip_r2145.tif,32,581,52,606,bottle
chip_r2145.tif,45,581,69,608,bottle
chip_r2145.tif,222,409,248,440,bottle
chip_r2145.tif,244,411,277,434,bottle
chip_r2145.tif,258,430,288,452,bottle
chip_r2145.tif,253,431,272,470,bottle
chip_r2145.tif,264,450,301,471,bottle
chip_r2145.tif,281,471,309,503,bottle
chip_r2145.tif,285,434,309,468,bottle
chip_r2145.tif,303,413,325,444,bottle
chip_r2145.tif,270,381,294,415,bottle
chip_r2145.tif,245,410,276,433,bottle
chip_r2145.tif,239,395,269,414,bottle
chip_r2145.tif,277,338,325,376,can
chip_r2145.tif,329,401,372,438,can
chip_r2145.tif,344,365,388,404,can
chip_r2145.tif,375,379,412,427,can
chip_r2145.tif,430,309,468,355,can
chip_r2145.tif,413,284,460,329,can
chip_r2145.tif,392,323,438,360,can
chip_r2145.tif,343,298,398,333,can
chip_r2145.tif,361,328,395,365,can
chip_r2165.tif,134,145,171,184,bottle
chip_r2165.tif,122,167,164,192,bottle
chip_r2165.tif,167,159,190,201,bottle
chip_r2165.tif,149,187,179,227,bottle
chip_r2165.tif,164,186,199,226,bottle
chip_r2165.tif,150,174,172,213,bottle
chip_r2165.tif,192,197,215,241,bottle
chip_r2165.tif,185,231,234,261,bottle
chip_r2165.tif,203,263,231,278,bottle
chip_r2165.tif,208,197,234,241,bottle
chip_r2165.tif,217,218,246,246,bottle
chip_r2165.tif,221,196,257,238,bottle
chip_r2165.tif,227,186,264,222,bottle
chip_r2165.tif,234,175,274,214,bottle
chip_r2165.tif,258,218,306,238,bottle
chip_r2165.tif,271,235,293,275,bottle
chip_r2165.tif,289,240,321,283,bottle
chip_r2165.tif,303,230,336,266,bottle
chip_r2165.tif,303,264,341,300,bottle
chip_r2165.tif,280,277,311,317,bottle
chip_r2165.tif,272,292,308,318,bottle
chip_r2165.tif,269,267,292,306,bottle
chip_r2165.tif,262,305,304,331,bottle
chip_r2165.tif,224,319,266,339,bottle
chip_r2165.tif,299,294,324,339,bottle
chip_r2165.tif,374,278,414,309,bottle
chip_r2165.tif,356,277,386,320,bottle
chip_r2165.tif,413,290,432,335,bottle
chip_r2165.tif,430,313,452,362,bottle
chip_r2165.tif,423,336,450,379,bottle
chip_r2165.tif,369,318,389,365,bottle
chip_r2165.tif,340,324,374,349,bottle
chip_r2165.tif,328,361,371,379,bottle
chip_r2165.tif,320,348,360,366,bottle
chip_r2165.tif,305,326,349,346,bottle
chip_r2165.tif,286,330,319,360,bottle
chip_r2165.tif,259,347,308,382,container
chip_r2165.tif,164,291,232,358,container
chip_r2165.tif,302,183,335,214,container
chip_r2165.tif,323,206,412,299,container
chip_r2165.tif,317,286,371,334,can
chip_r2165.tif,257,366,316,414,can
chip_r2165.tif,236,321,291,369,can
chip_r2165.tif,205,337,252,398,can
chip_r2165.tif,226,274,273,325,can
chip_r2165.tif,228,238,287,278,can
chip_r2165.tif,176,271,232,313,can
chip_r2165.tif,145,220,205,277,can
chip_r2165.tif,134,250,184,308,can
chip_r2165.tif,376,318,405,362,bottle
chip_r2165.tif,410,344,438,384,bottle
chip_r2165.tif,410,378,448,414,bottle
chip_r2165.tif,404,405,443,430,bottle
chip_r2165.tif,408,431,440,473,bottle
chip_r2165.tif,508,461,537,506,bottle
chip_r2165.tif,384,407,408,453,bottle
chip_r2165.tif,338,454,373,492,bottle
chip_r2165.tif,297,432,339,461,bottle
chip_r2165.tif,285,393,328,428,bottle
chip_r2165.tif,344,429,391,456,bottle
chip_r2165.tif,334,410,366,452,bottle
chip_r2165.tif,364,382,400,432,bottle
chip_r2165.tif,410,312,445,360,bottle
chip_r2165.tif,317,380,340,420,bottle
chip_r2165.tif,332,367,368,400,bottle
chip_r2185.tif,20,106,62,166,bottle
chip_r2185.tif,39,139,64,185,bottle
chip_r2185.tif,0,240,63,283,bottle
chip_r2185.tif,46,240,107,280,bottle
chip_r2185.tif,106,231,140,295,bottle
chip_r2185.tif,120,177,155,232,bottle
chip_r2185.tif,6,275,66,319,bottle
chip_r2185.tif,42,296,93,352,bottle
chip_r2185.tif,87,290,153,324,bottle
chip_r2185.tif,64,260,120,305,bottle
chip_r2185.tif,83,241,122,300,bottle
chip_r2185.tif,139,264,183,315,bottle
chip_r2185.tif,139,298,163,360,bottle
chip_r2185.tif,61,400,104,460,bottle
chip_r2185.tif,59,376,121,419,bottle
chip_r2185.tif,118,352,167,405,bottle
chip_r2185.tif,155,373,219,418,bottle
chip_r2185.tif,121,403,184,447,bottle
chip_r2185.tif,106,415,161,454,bottle
chip_r2185.tif,101,435,165,471,bottle
chip_r2185.tif,111,455,169,503,bottle
chip_r2185.tif,78,462,146,491,bottle
chip_r2185.tif,112,486,186,519,bottle
chip_r2185.tif,147,471,213,517,bottle
chip_r2185.tif,161,459,225,496,bottle
chip_r2185.tif,178,422,223,488,bottle
chip_r2185.tif,210,454,265,512,bottle
chip_r2185.tif,254,443,291,509,bottle
chip_r2185.tif,290,452,352,499,bottle
chip_r2185.tif,216,404,252,466,bottle
chip_r2185.tif,205,409,237,459,bottle
chip_r2185.tif,118,403,186,448,bottle
chip_r2185.tif,186,332,210,399,bottle
chip_r2185.tif,165,319,187,383,bottle
chip_r2185.tif,171,301,241,328,bottle
chip_r2185.tif,188,297,234,341,container
chip_r2185.tif,163,230,217,298,container
chip_r2185.tif,84,82,180,179,container
chip_r2185.tif,0,327,90,459,container
chip_r2185.tif,195,225,261,309,can
chip_r2185.tif,122,190,198,273,can
chip_r2185.tif,154,150,239,212,can
chip_r2185.tif,52,104,112,182,can
chip_r2185.tif,26,39,104,106,can
chip_r2185.tif,0,57,55,133,can
chip_r2185.tif,0,181,58,264,can
chip_r2185.tif,55,179,128,242,can
chip_r2185.tif,72,317,143,394,can
chip_r2185.tif,215,312,278,352,bottle
chip_r2185.tif,238,267,283,323,bottle
chip_r2185.tif,300,284,339,345,bottle
chip_r2185.tif,330,348,388,395,bottle
chip_r2185.tif,255,415,322,448,bottle
chip_r2185.tif,291,360,330,422,bottle
chip_r2185.tif,263,345,321,387,bottle
chip_r2185.tif,243,333,310,356,bottle
chip_r2185.tif,251,382,295,438,bottle
chip_r2185.tif,217,361,277,409,bottle
chip_r2185.tif,217,325,252,366,bottle
chip_r2204.tif,25,504,105,576,bottle
chip_r2204.tif,39,490,124,533,bottle
chip_r2204.tif,27,459,64,527,bottle
chip_r2204.tif,11,423,66,503,bottle
chip_r2204.tif,0,267,90,373,can
chip_r2204.tif,0,333,72,435,can
chip_r2205.tif,579,158,620,235,bottle
chip_r2205.tif,542,225,625,260,bottle
chip_r2205.tif,564,260,628,304,bottle
chip_r2205.tif,541,283,592,305,bottle
chip_r2205.tif,524,188,583,235,bottle
chip_r2205.tif,546,152,591,235,bottle
chip_r2205.tif,498,150,567,220,bottle
chip_r2205.tif,483,130,555,193,bottle
chip_r2205.tif,464,106,540,172,bottle
chip_r2205.tif,403,183,487,219,bottle
chip_r2205.tif,412,211,470,296,bottle
chip_r2205.tif,362,227,421,301,bottle
chip_r2205.tif,338,205,404,265,bottle
chip_r2205.tif,349,108,409,167,container
chip_r2205.tif,188,144,349,324,container
chip_r2205.tif,315,459,377,517,container
chip_r2205.tif,378,435,464,505,container
chip_r2205.tif,536,335,640,465,container
chip_r2205.tif,486,431,572,537,can
chip_r2205.tif,539,302,640,376,can
chip_r2205.tif,436,227,549,305,can
chip_r2205.tif,461,298,540,392,can
chip_r2205.tif,413,387,518,482,can
chip_r2205.tif,355,477,465,563,can
chip_r2205.tif,255,309,362,401,can
chip_r2205.tif,419,279,464,361,bottle
chip_r2205.tif,379,300,435,375,bottle
chip_r2205.tif,390,358,471,398,bottle
chip_r2205.tif,342,405,421,457,bottle
chip_r2205.tif,349,328,394,414,bottle
chip_r2205.tif,320,268,388,331,bottle
chip_r2205.tif,174,286,252,337,bottle
chip_r2205.tif,231,287,287,369,bottle
chip_r2205.tif,135,304,170,390,bottle
chip_r2205.tif,110,350,175,423,bottle
chip_r2205.tif,88,353,133,435,bottle
chip_r2205.tif,95,393,150,474,bottle
chip_r2205.tif,116,415,171,494,bottle
chip_r2205.tif,127,439,208,494,bottle
chip_r2205.tif,92,483,165,545,bottle
chip_r2205.tif,93,536,185,578,bottle
chip_r2205.tif,168,535,212,627,bottle
chip_r2205.tif,106,580,162,640,bottle
chip_r2205.tif,202,585,281,639,bottle
chip_r2205.tif,333,524,411,588,bottle
chip_r2205.tif,309,494,348,576,bottle
chip_r2205.tif,230,505,281,588,bottle
chip_r2205.tif,218,415,273,497,bottle
chip_r2205.tif,261,431,331,460,bottle
chip_r2205.tif,241,460,330,488,bottle
chip_r2205.tif,246,364,308,439,bottle
chip_r2205.tif,298,392,379,428,bottle
chip_r2205.tif,218,413,278,498,bottle
chip_r2205.tif,182,365,242,444,bottle
chip_r2205.tif,171,346,230,422,bottle
chip_r2205.tif,153,343,205,420,bottle
chip_r2205.tif,183,528,259,598,bottle
chip_r2205.tif,224,499,275,578,bottle
chip_r2205.tif,260,517,314,585,bottle
chip_r2205.tif,274,501,337,542,bottle
chip_r2205.tif,289,529,319,616,bottle
chip_r2205.tif,192,493,243,552,bottle
chip_r2205.tif,153,493,228,536,bottle
chip_r2209.tif,1,335,74,409,bottle
chip_r2211.tif,26,563,81,639,bottle
chip_r2211.tif,300,399,376,457,bottle
chip_r2211.tif,304,341,367,396,bottle
chip_r2211.tif,356,337,407,391,bottle
chip_r2224.tif,587,477,640,603,bottle
chip_r2224.tif,521,465,606,577,bottle
chip_r2224.tif,530,534,571,614,bottle
chip_r2224.tif,281,419,468,614,container
chip_r2224.tif,159,562,332,640,can
chip_r2224.tif,414,438,535,610,can
chip_r2224.tif,532,344,640,502,can
chip_r2224.tif,424,317,583,463,can
chip_r2226.tif,590,321,640,453,bottle
chip_r2229.tif,5,176,119,283,bottle
chip_r2230.tif,281,0,368,123,bottle
chip_r2231.tif,0,257,123,344,bottle
chip_r2244.tif,412,29,489,150,bottle
chip_r2244.tif,371,0,445,121,bottle
chip_r2244.tif,274,0,405,55,bottle
chip_r2249.tif,516,13,606,137,bottle
chip_r2249.tif,226,184,342,297,bottle
chip_r2254.tif,375,0,468,117,bottle
chip_r2254.tif,25,235,152,340,bottle
chip_r2254.tif,283,236,428,372,container
chip_r2254.tif,406,99,556,262,can
chip_r2254.tif,249,79,399,272,can
chip_r2255.tif,0,399,117,492,bottle
chip_r2255.tif,235,49,341,176,bottle
chip_r2255.tif,236,307,372,452,container
chip_r2255.tif,99,429,262,580,can
chip_r2255.tif,79,272,272,423,can
chip_r2258.tif,375,9,468,149,bottle
chip_r2258.tif,25,267,152,373,bottle
chip_r2258.tif,283,268,428,404,container
chip_r2258.tif,406,131,556,294,can
chip_r2258.tif,249,111,399,304,can
chip_r2259.tif,491,148,631,241,bottle
chip_r2259.tif,266,464,372,591,bottle
chip_r2259.tif,236,187,372,333,container
chip_r2259.tif,345,60,509,210,can
chip_r2259.tif,336,216,529,367,can
chip_r2405.tif,588,302,640,439,can
chip_r2405.tif,582,115,640,255,can
chip_r2405.tif,520,69,608,170,can
chip_r2405.tif,545,0,620,116,can
chip_r2409.tif,300,36,358,112,bottle
chip_r2409.tif,413,151,511,199,bottle
chip_r2409.tif,363,68,454,120,bottle
chip_r2409.tif,219,86,302,128,bottle
chip_r2409.tif,89,96,207,150,bottle
chip_r2409.tif,62,72,140,121,bottle
chip_r2409.tif,25,0,109,53,bottle
chip_r2409.tif,373,18,442,74,bottle
chip_r2409.tif,434,36,472,80,bottle
chip_r2409.tif,107,13,266,102,can
chip_r2409.tif,0,46,102,138,can
chip_r2411.tif,564,15,640,61,bottle
chip_r2411.tif,488,0,599,64,bottle
chip_r2411.tif,247,0,488,59,container
chip_r2411.tif,471,59,577,104,container
chip_r2422.tif,220,588,274,640,bottle
chip_r2425.tif,549,0,640,107,can
chip_r2425.tif,573,124,640,258,can
chip_r2426.tif,227,506,310,640,bottle
chip_r2426.tif,220,530,274,640,bottle
chip_r2426.tif,164,394,243,531,bottle
chip_r2426.tif,120,304,235,392,bottle
chip_r2426.tif,139,165,206,294,bottle
chip_r2426.tif,150,113,227,248,bottle
chip_r2426.tif,144,272,211,338,bottle
chip_r2426.tif,105,253,146,357,bottle
chip_r2426.tif,110,0,174,142,bottle
chip_r2426.tif,28,343,206,537,can
chip_r2426.tif,25,405,171,550,can
chip_r2426.tif,18,59,132,239,can
chip_r2426.tif,0,234,111,377,can
chip_r2430.tif,539,482,640,571,bottle
chip_r2430.tif,458,524,524,605,bottle
chip_r2430.tif,578,496,640,591,bottle
chip_r2430.tif,515,556,613,607,bottle
chip_r2430.tif,428,575,584,640,can
chip_r2430.tif,546,419,638,458,container
chip_r2430.tif,292,481,508,603,container
chip_r2430.tif,286,574,419,627,bottle
chip_r2431.tif,0,44,100,133,bottle
chip_r2431.tif,116,10,181,92,bottle
chip_r2431.tif,0,24,62,119,bottle
chip_r2431.tif,27,8,124,59,bottle
chip_r2431.tif,2,157,94,196,container
chip_r2431.tif,132,12,347,135,container
chip_r2445.tif,29,535,69,639,bottle
chip_r2445.tif,0,488,59,593,can
chip_r2446.tif,373,372,427,534,bottle
chip_r2446.tif,333,363,416,508,bottle
chip_r2446.tif,407,247,475,390,bottle
chip_r2446.tif,403,175,522,259,bottle
chip_r2446.tif,437,6,504,147,bottle
chip_r2446.tif,417,0,488,114,bottle
chip_r2446.tif,423,129,518,200,bottle
chip_r2446.tif,438,213,605,394,can
chip_r2446.tif,463,277,611,416,can
chip_r2446.tif,498,0,616,122,can
chip_r2446.tif,519,120,631,226,can
chip_r2447.tif,106,189,268,243,bottle
chip_r2447.tif,131,200,277,283,bottle
chip_r2447.tif,249,141,392,209,bottle
chip_r2447.tif,380,94,464,212,bottle
chip_r2447.tif,492,112,633,178,bottle
chip_r2447.tif,526,128,640,198,bottle
chip_r2447.tif,439,98,510,192,bottle
chip_r2447.tif,245,11,426,178,can
chip_r2447.tif,223,5,362,153,can
chip_r2447.tif,517,0,640,117,can
chip_r2447.tif,413,0,519,97,can
chip_r2449.tif,70,524,121,618,bottle
chip_r2449.tif,109,97,155,188,bottle
chip_r2449.tif,0,120,68,174,bottle
chip_r2449.tif,4,244,56,310,bottle
chip_r2449.tif,40,193,91,280,bottle
chip_r2449.tif,67,141,123,212,bottle
chip_r2449.tif,24,371,69,478,bottle
chip_r2449.tif,0,223,51,276,bottle
chip_r2449.tif,0,505,89,640,can
chip_r2451.tif,85,0,142,124,bottle
chip_r2451.tif,156,130,196,221,container
chip_r2451.tif,12,226,130,456,container
chip_r2451.tif,50,110,135,221,bottle
chip_r2451.tif,0,16,60,81,bottle
chip_r2451.tif,0,41,57,138,bottle
chip_r2451.tif,22,85,113,147,bottle
chip_r2451.tif,13,126,64,239,bottle
chip_r2451.tif,0,0,117,53,can
chip_r2464.tif,367,348,450,481,bottle
chip_r2464.tif,421,481,504,584,bottle
chip_r2464.tif,492,457,564,543,bottle
chip_r2468.tif,300,3,429,79,bottle
chip_r2468.tif,262,12,345,141,bottle
chip_r2468.tif,226,41,285,176,bottle
chip_r2469.tif,409,535,520,637,bottle
chip_r2469.tif,39,327,168,418,bottle
chip_r2469.tif,553,388,634,499,bottle
chip_r2472.tif,438,0,508,80,bottle
chip_r2473.tif,131,587,201,640,bottle
chip_r2473.tif,253,237,358,368,bottle
chip_r2475.tif,173,470,320,547,bottle
chip_r2476.tif,406,0,476,81,bottle
chip_r2477.tif,587,406,640,476,bottle
chip_r2477.tif,237,250,368,355,bottle
chip_r2478.tif,140,446,288,523,bottle
chip_r2479.tif,140,470,288,547,bottle
chip_r2486.tif,83,57,362,330,can
chip_r2486.tif,50,151,260,366,can
chip_r2486.tif,265,251,507,392,can
chip_r2486.tif,481,166,640,321,can
chip_r2486.tif,507,296,640,428,can
chip_r2486.tif,428,349,617,530,can
chip_r2486.tif,534,346,640,471,can
chip_r2486.tif,486,0,640,133,bottle
chip_r2486.tif,589,116,640,208,bottle
chip_r2486.tif,110,1,308,120,bottle
chip_r2486.tif,473,487,621,563,bottle
chip_r2486.tif,334,39,462,166,bottle
chip_r2491.tif,295,0,450,103,can
chip_r2491.tif,145,0,270,99,can
chip_r2491.tif,45,0,202,193,can
chip_r2491.tif,151,224,315,453,can
chip_r2491.tif,252,298,496,640,container
chip_r2491.tif,520,222,614,358,container
chip_r2491.tif,18,504,118,640,bottle
chip_r2491.tif,483,0,626,53,bottle
chip_r2491.tif,408,0,500,201,bottle
chip_r2491.tif,281,127,443,232,bottle
chip_r2491.tif,319,171,483,344,bottle
chip_r2491.tif,0,36,65,157,bottle
chip_r2491.tif,25,400,123,479,bottle
chip_r2491.tif,82,202,155,421,bottle
chip_r2491.tif,101,509,283,593,bottle
chip_r2494.tif,277,0,520,61,container
chip_r2494.tif,126,0,232,86,bottle
chip_r2495.tif,144,579,386,640,container
chip_r2495.tif,431,553,538,639,bottle
chip_r2506.tif,0,74,104,199,container
chip_r2506.tif,267,0,490,108,container
chip_r2506.tif,59,263,263,354,bottle
chip_r2506.tif,0,232,151,330,bottle
chip_r2506.tif,0,102,80,327,can
chip_r2506.tif,117,28,323,261,can
chip_r2506.tif,51,0,290,106,can
chip_r2506.tif,0,0,180,208,can
chip_r2507.tif,536,99,640,223,container
chip_r2507.tif,150,0,372,132,container
chip_r2507.tif,377,288,581,378,bottle
chip_r2507.tif,489,256,640,354,bottle
chip_r2507.tif,560,126,640,351,can
chip_r2507.tif,317,52,522,285,can
chip_r2507.tif,350,0,588,130,can
chip_r2507.tif,460,11,640,232,can
chip_r2510.tif,75,506,199,640,container
chip_r2510.tif,333,468,456,640,bottle
chip_r2510.tif,247,382,358,494,bottle
chip_r2510.tif,299,177,421,318,bottle
chip_r2510.tif,236,97,370,168,bottle
chip_r2510.tif,157,22,254,247,bottle
chip_r2510.tif,201,0,284,66,bottle
chip_r2510.tif,258,0,398,125,bottle
chip_r2510.tif,243,85,396,177,bottle
chip_r2510.tif,0,463,68,639,bottle
chip_r2510.tif,102,447,327,640,can
chip_r2510.tif,0,558,208,640,can
chip_r2510.tif,0,109,161,406,can
chip_r2514.tif,112,428,219,610,bottle
chip_r2514.tif,200,486,326,593,bottle
chip_r2514.tif,418,531,626,640,bottle
chip_r2514.tif,354,512,438,640,bottle
chip_r2514.tif,398,368,579,453,bottle
chip_r2515.tif,30,445,211,551,bottle
chip_r2515.tif,47,337,154,463,bottle
chip_r2515.tif,0,37,109,245,bottle
chip_r2515.tif,0,225,128,309,bottle
chip_r2515.tif,186,84,272,266,bottle
chip_r2515.tif,0,0,166,52,bottle
chip_r2518.tif,461,421,640,527,bottle
chip_r2518.tif,518,313,625,439,bottle
chip_r2518.tif,563,14,640,221,bottle
chip_r2518.tif,544,202,640,285,bottle
chip_r2518.tif,399,61,485,242,bottle
chip_r2519.tif,89,0,195,178,bottle
chip_r2519.tif,177,15,303,122,bottle
chip_r2519.tif,395,0,602,77,bottle
chip_r2519.tif,331,0,414,96,bottle
chip_r2519.tif,374,155,555,240,bottle
chip_r2519.tif,588,0,640,134,bottle
chip_r2522.tif,271,441,640,640,can
chip_r2522.tif,235,447,534,640,can
chip_r2526.tif,27,554,205,640,bottle
chip_r2526.tif,13,10,328,199,bottle
chip_r2526.tif,342,0,525,151,bottle
chip_r2526.tif,243,146,461,227,bottle
chip_r2526.tif,394,0,640,368,can
chip_r2526.tif,487,105,640,404,can
chip_r2526.tif,156,213,492,456,can
chip_r2526.tif,0,124,223,375,can
chip_r2526.tif,0,286,183,497,can
chip_r2526.tif,0,329,121,561,can
chip_r2526.tif,39,386,256,601,can
chip_r2526.tif,246,383,383,480,container
chip_r2527.tif,0,433,62,611,bottle
chip_r2527.tif,416,312,605,627,bottle
chip_r2527.tif,465,115,640,298,bottle
chip_r2527.tif,389,179,470,396,bottle
chip_r2527.tif,248,0,640,245,can
chip_r2527.tif,212,0,510,152,can
chip_r2527.tif,159,147,402,483,can
chip_r2527.tif,240,417,491,640,can
chip_r2527.tif,118,456,329,640,can
chip_r2527.tif,54,518,285,640,can
chip_r2527.tif,14,383,229,600,can
chip_r2527.tif,136,256,233,393,container
chip_r2529.tif,0,417,102,596,bottle
chip_r2530.tif,436,171,640,498,container
chip_r2530.tif,469,283,640,448,bottle
chip_r2530.tif,410,0,598,93,bottle
chip_r2530.tif,289,24,518,113,bottle
chip_r2530.tif,0,433,351,627,bottle
chip_r2530.tif,205,253,349,512,bottle
chip_r2530.tif,63,212,224,401,bottle
chip_r2530.tif,112,143,284,332,bottle
chip_r2530.tif,294,252,558,369,bottle
chip_r2530.tif,291,15,541,115,bottle
chip_r2530.tif,0,264,153,515,can
chip_r2530.tif,0,142,87,352,can
chip_r2530.tif,0,78,193,310,can
chip_r2530.tif,0,2,274,170,can
chip_r2530.tif,311,88,624,303,can
chip_r2530.tif,62,75,243,224,container
chip_r2530.tif,264,328,513,546,bottle
chip_r2531.tif,147,436,474,640,container
chip_r2531.tif,259,470,424,640,bottle
chip_r2531.tif,0,410,69,597,bottle
chip_r2531.tif,0,289,89,518,bottle
chip_r2531.tif,409,0,603,351,bottle
chip_r2531.tif,229,205,488,349,bottle
chip_r2531.tif,188,63,377,224,bottle
chip_r2531.tif,120,111,308,284,bottle
chip_r2531.tif,228,294,345,558,bottle
chip_r2531.tif,0,291,91,541,bottle
chip_r2531.tif,240,0,491,153,can
chip_r2531.tif,118,0,329,87,can
chip_r2531.tif,54,0,286,193,can
chip_r2531.tif,0,0,146,274,can
chip_r2531.tif,64,311,279,624,can
chip_r2531.tif,51,61,200,243,container
chip_r2531.tif,305,264,522,513,bottle
chip_r2534.tif,171,0,498,241,container
chip_r2534.tif,283,0,448,132,bottle
chip_r2534.tif,133,220,255,408,bottle
chip_r2534.tif,12,249,172,384,bottle
chip_r2534.tif,19,0,154,128,bottle
chip_r2534.tif,38,89,214,180,bottle
chip_r2535.tif,165,399,492,640,container
chip_r2535.tif,215,508,379,640,bottle
chip_r2535.tif,409,232,530,420,bottle
chip_r2535.tif,492,256,640,391,bottle
chip_r2535.tif,508,512,640,640,bottle
chip_r2535.tif,449,460,625,551,bottle
chip_r2537.tif,39,43,150,250,bottle
chip_r2537.tif,0,72,93,181,bottle
chip_r2542.tif,195,247,297,346,bottle
chip_r2542.tif,85,209,198,279,bottle
chip_r2542.tif,0,122,52,198,bottle
chip_r2542.tif,0,190,88,250,bottle
chip_r2542.tif,0,107,85,196,bottle
chip_r2543.tif,318,195,416,297,bottle
chip_r2543.tif,384,85,454,198,bottle
chip_r2543.tif,466,0,542,52,bottle
chip_r2543.tif,414,0,473,88,bottle
chip_r2543.tif,468,0,557,85,bottle
chip_r2546.tif,587,121,640,198,bottle
chip_r2546.tif,457,126,578,184,bottle
chip_r2546.tif,421,166,530,212,bottle
chip_r2546.tif,547,250,625,326,bottle
chip_r2546.tif,392,238,466,317,bottle
chip_r2546.tif,133,279,301,338,bottle
chip_r2546.tif,451,195,532,289,bottle
chip_r2546.tif,397,31,559,126,container
chip_r2546.tif,32,138,145,232,container
chip_r2546.tif,0,113,73,189,can
chip_r2546.tif,135,159,226,262,can
chip_r2546.tif,251,147,401,258,can
chip_r2546.tif,187,126,299,236,can
chip_r2546.tif,176,48,285,155,can
chip_r2546.tif,54,77,194,176,can
chip_r2546.tif,351,75,490,165,can
chip_r2546.tif,293,63,379,131,container
chip_r2546.tif,552,172,628,255,bottle
chip_r2547.tif,587,98,640,174,bottle
chip_r2547.tif,457,103,578,160,bottle
chip_r2547.tif,421,143,530,188,bottle
chip_r2547.tif,547,226,625,302,bottle
chip_r2547.tif,392,215,466,293,bottle
chip_r2547.tif,133,255,301,314,bottle
chip_r2547.tif,451,172,532,265,bottle
chip_r2547.tif,397,8,559,102,container
chip_r2547.tif,32,114,145,208,container
chip_r2547.tif,0,88,73,164,can
chip_r2547.tif,135,136,226,238,can
chip_r2547.tif,251,124,401,234,can
chip_r2547.tif,187,102,299,212,can
chip_r2547.tif,176,24,285,131,can
chip_r2547.tif,54,53,194,152,can
chip_r2547.tif,352,52,490,141,can
chip_r2547.tif,294,39,380,107,container
chip_r2547.tif,552,148,628,231,bottle
chip_r2550.tif,66,572,112,640,bottle
chip_r2551.tif,43,573,89,640,bottle
chip_r2563.tif,426,44,589,139,bottle
chip_r2563.tif,448,472,553,548,bottle
chip_r2563.tif,381,204,484,340,bottle
chip_r2563.tif,360,324,450,492,bottle
chip_r2563.tif,345,304,402,490,bottle
chip_r2563.tif,303,469,458,542,bottle
chip_r2563.tif,342,538,469,636,bottle
chip_r2563.tif,376,583,508,640,bottle
chip_r2563.tif,262,542,331,640,bottle
chip_r2563.tif,236,402,346,529,bottle
chip_r2563.tif,196,355,320,502,bottle
chip_r2566.tif,252,505,445,576,bottle
chip_r2566.tif,200,465,391,520,bottle
chip_r2566.tif,39,438,119,567,bottle
chip_r2566.tif,38,562,217,627,bottle
chip_r2566.tif,0,400,50,532,bottle
chip_r2566.tif,0,308,131,369,bottle
chip_r2566.tif,93,310,160,432,bottle
chip_r2566.tif,176,167,245,239,container
chip_r2566.tif,0,138,145,276,container
chip_r2566.tif,581,180,640,237,bottle
chip_r2566.tif,427,281,586,391,container
chip_r2566.tif,408,216,548,324,can
chip_r2566.tif,322,301,471,458,can
chip_r2566.tif,224,260,393,407,can
chip_r2566.tif,152,308,312,457,can
chip_r2566.tif,269,186,429,270,can
chip_r2566.tif,17,205,167,320,can
chip_r2566.tif,300,222,419,315,can
chip_r2566.tif,521,243,640,350,can
chip_r2566.tif,503,206,610,254,can
chip_r2571.tif,156,0,213,56,bottle
chip_r2581.tif,178,0,307,59,bottle
chip_r2581.tif,0,46,83,139,container
chip_r2581.tif,86,15,180,69,bottle
chip_r2581.tif,211,21,325,86,bottle
chip_r2583.tif,534,60,613,225,bottle
chip_r2583.tif,458,376,552,474,bottle
chip_r2583.tif,565,247,624,387,bottle
chip_r2583.tif,546,351,615,470,bottle
chip_r2583.tif,495,495,600,609,bottle
chip_r2583.tif,521,477,639,537,bottle
chip_r2585.tif,25,582,71,640,bottle
chip_r2585.tif,6,106,65,177,bottle
chip_r2585.tif,47,0,140,96,container
chip_r2585.tif,1,0,102,109,can
chip_r2585.tif,5,235,96,390,can
chip_r2585.tif,0,388,66,539,can
chip_r2585.tif,57,140,91,207,container
chip_r2585.tif,83,342,117,392,bottle
chip_r2585.tif,60,390,90,436,bottle
chip_r2586.tif,193,495,256,640,bottle
chip_r2586.tif,151,241,218,402,bottle
chip_r2586.tif,128,338,194,503,bottle
chip_r2586.tif,6,69,86,231,container
chip_r2586.tif,4,204,136,341,can
chip_r2586.tif,0,371,133,562,can
chip_r2586.tif,0,0,59,111,can
chip_r2586.tif,64,470,128,608,bottle
chip_r2607.tif,246,303,552,548,can
chip_r2607.tif,533,266,640,543,can
chip_r2607.tif,487,226,640,398,can
chip_r2607.tif,22,338,301,558,can
chip_r2607.tif,95,266,356,391,can
chip_r2607.tif,0,232,152,303,bottle
chip_r2607.tif,99,170,197,307,bottle
chip_r2607.tif,202,160,278,300,bottle
chip_r2607.tif,342,231,471,357,bottle
chip_r2607.tif,406,221,537,314,bottle
chip_r2607.tif,453,160,601,270,bottle
chip_r2607.tif,210,492,537,626,container
chip_r2607.tif,471,509,640,640,can
chip_r2622.tif,455,146,639,268,bottle
chip_r2622.tif,74,76,333,237,bottle
chip_r2622.tif,197,159,476,264,bottle
chip_r2622.tif,238,213,481,318,bottle
chip_r2622.tif,202,264,426,351,bottle
chip_r2622.tif,9,210,271,289,bottle
chip_r2622.tif,0,28,169,278,bottle
chip_r2622.tif,0,0,123,144,bottle
chip_r2622.tif,0,320,219,471,bottle
chip_r2622.tif,0,315,55,396,bottle
chip_r2622.tif,0,129,67,308,bottle
chip_r2623.tif,347,1,470,185,bottle
chip_r2623.tif,379,307,539,566,bottle
chip_r2623.tif,352,163,457,443,bottle
chip_r2623.tif,298,159,403,402,bottle
chip_r2623.tif,265,214,352,438,bottle
chip_r2623.tif,327,369,405,631,bottle
chip_r2623.tif,338,471,588,640,bottle
chip_r2623.tif,472,517,640,640,bottle
chip_r2623.tif,145,421,295,640,bottle
chip_r2623.tif,219,585,300,640,bottle
chip_r2623.tif,307,573,486,640,bottle
chip_r2630.tif,152,6,278,75,bottle
chip_r2630.tif,173,142,300,294,bottle
chip_r2630.tif,124,256,208,406,bottle
chip_r2630.tif,392,24,591,361,container
chip_r2630.tif,343,583,550,640,container
chip_r2630.tif,410,288,640,556,can
chip_r2630.tif,312,417,563,640,can
chip_r2630.tif,207,332,429,542,can
chip_r2630.tif,259,61,462,349,can
chip_r2630.tif,347,0,529,97,can
chip_r2630.tif,218,0,389,170,can
chip_r2630.tif,154,296,305,565,can
chip_r2631.tif,384,6,510,75,bottle
chip_r2631.tif,363,141,490,294,bottle
chip_r2631.tif,456,256,540,406,bottle
chip_r2631.tif,72,24,271,361,container
chip_r2631.tif,114,584,321,640,container
chip_r2631.tif,0,288,254,556,can
chip_r2631.tif,101,417,351,640,can
chip_r2631.tif,234,332,457,542,can
chip_r2631.tif,201,61,404,349,can
chip_r2631.tif,134,0,316,97,can
chip_r2631.tif,274,0,445,170,can
chip_r2631.tif,358,295,509,565,can
chip_r2634.tif,56,324,261,406,bottle
chip_r2634.tif,11,320,89,461,bottle
chip_r2634.tif,0,111,178,292,can
chip_r2634.tif,0,251,61,421,can
chip_r2638.tif,411,234,616,315,bottle
chip_r2638.tif,583,179,640,320,bottle
chip_r2638.tif,493,348,640,529,can
chip_r2639.tif,24,210,229,291,bottle
chip_r2639.tif,0,155,57,296,bottle
chip_r2639.tif,0,324,146,505,can
chip_r2646.tif,286,10,371,251,bottle
chip_r2646.tif,321,463,461,589,bottle
chip_r2646.tif,465,286,604,544,container
chip_r2646.tif,0,341,269,640,can
chip_r2646.tif,65,252,304,398,bottle
chip_r2646.tif,142,67,276,300,bottle
chip_r2646.tif,0,0,134,129,bottle
chip_r2646.tif,349,12,459,202,bottle
chip_r2646.tif,279,280,497,507,can
chip_r2647.tif,10,310,251,395,bottle
chip_r2647.tif,462,345,589,486,bottle
chip_r2647.tif,285,490,544,628,container
chip_r2647.tif,341,0,640,293,can
chip_r2647.tif,252,90,398,328,bottle
chip_r2647.tif,68,166,300,300,bottle
chip_r2647.tif,0,0,130,158,bottle
chip_r2647.tif,12,373,202,483,bottle
chip_r2647.tif,280,303,507,521,can
chip_r2650.tif,143,550,194,640,container
chip_r2650.tif,446,0,607,334,container
chip_r2650.tif,438,278,640,548,can
chip_r2650.tif,328,403,588,640,can
chip_r2650.tif,219,319,455,519,can
chip_r2650.tif,278,36,472,326,can
chip_r2650.tif,336,0,544,71,can
chip_r2650.tif,243,0,385,127,can
chip_r2650.tif,171,285,316,534,can
chip_r2650.tif,174,6,262,64,bottle
chip_r2650.tif,218,159,283,250,bottle
chip_r2651.tif,119,550,171,640,container
chip_r2651.tif,421,0,583,334,container
chip_r2651.tif,414,277,640,548,can
chip_r2651.tif,304,402,564,640,can
chip_r2651.tif,195,319,431,519,can
chip_r2651.tif,253,36,448,326,can
chip_r2651.tif,312,0,520,71,can
chip_r2651.tif,218,0,361,127,can
chip_r2651.tif,146,285,292,534,can
chip_r2651.tif,150,6,238,64,bottle
chip_r2651.tif,194,158,259,250,bottle
chip_r2654.tif,249,406,330,597,bottle
chip_r2654.tif,335,467,544,640,can
chip_r2654.tif,243,525,385,640,can
chip_r2655.tif,226,406,306,597,bottle
chip_r2655.tif,312,467,520,640,can
chip_r2655.tif,219,525,361,640,can
chip_r2659.tif,225,11,306,202,bottle
chip_r2659.tif,311,0,520,141,can
chip_r2659.tif,218,0,360,83,can
chip_r2661.tif,339,0,447,170,bottle
chip_r2661.tif,548,55,640,247,bottle
chip_r2661.tif,342,179,568,319,bottle
chip_r2661.tif,212,252,465,331,bottle
chip_r2661.tif,419,393,640,517,bottle
chip_r2661.tif,1,216,191,335,bottle
chip_r2661.tif,540,97,640,340,bottle
chip_r2661.tif,204,289,455,398,bottle
chip_r2661.tif,263,350,509,425,bottle
chip_r2661.tif,443,293,640,389,bottle
chip_r2661.tif,469,507,640,590,bottle
chip_r2664.tif,589,108,640,365,container
chip_r2665.tif,506,452,640,570,bottle
chip_r2665.tif,392,508,584,640,bottle
chip_r2665.tif,0,107,95,365,container
chip_r2665.tif,175,406,253,640,bottle
chip_r2665.tif,222,301,321,512,bottle
chip_r2665.tif,240,247,458,386,bottle
chip_r2665.tif,93,72,225,200,bottle
chip_r2665.tif,51,150,256,373,can
chip_r2665.tif,276,12,572,300,can
chip_r2665.tif,237,0,474,56,can
chip_r2665.tif,263,365,372,567,bottle
chip_r2665.tif,92,454,197,640,bottle
chip_r2665.tif,121,0,186,126,bottle
chip_r2665.tif,42,555,102,619,bottle
chip_r2665.tif,54,396,171,497,bottle
chip_r2665.tif,97,329,256,413,bottle
chip_r2665.tif,257,539,401,640,bottle
chip_r2666.tif,429,0,578,123,bottle
chip_r2666.tif,540,0,640,279,bottle
chip_r2666.tif,423,334,599,640,bottle
chip_r2666.tif,586,452,640,570,bottle
chip_r2669.tif,155,59,305,373,container
chip_r2669.tif,524,563,585,640,container
chip_r2669.tif,38,317,298,577,can
chip_r2669.tif,166,433,403,640,can
chip_r2669.tif,287,347,549,541,can
chip_r2669.tif,415,300,550,559,can
chip_r2669.tif,269,79,449,347,can
chip_r2669.tif,209,0,392,115,can
chip_r2669.tif,330,0,476,155,can
chip_r2669.tif,463,29,550,79,bottle
chip_r2669.tif,454,582,519,640,bottle
chip_r2669.tif,447,185,500,296,bottle
chip_r2669.tif,504,259,562,410,bottle
chip_r2670.tif,62,0,211,155,bottle
chip_r2671.tif,453,0,602,155,bottle
chip_r2677.tif,170,0,237,168,bottle
chip_r2677.tif,246,0,430,97,can
